5	ααρων	{"lemma": "Ἀαρών", "strong": "2", "pos": "Np", ＊"src": "H175", "def": "Aaron"},
25	αββα	{"lemma": "Ἀββᾶ", "strong": "5", "pos": "Np", ＊"src": "H2", "def": "Abba", "l": "*)abba="},
40	αβελ	{"lemma": "Ἄβελ", "strong": "6", "pos": "Np", ＊"src": "H1893", "def": "Abel"},
54	αβια	{"lemma": "Ἀβιά", "strong": "7", "pos": "Np", ＊"src": "H29", "def": "Abijah"},
55	αβιαθαρ	{"lemma": "Ἀβιάθαρ", "strong": "8", "pos": "Np", ＊"src": "H54", "def": "Abiathar"},
68	αβιμελεχ	{"lemma": "Αβιμελεχ", "pos": "Np", ＊"src": "H40", "def": "Abimelek"},
71	αβιουδ	{"lemma": "Ἀβιούδ", "strong": "10", "pos": "Np", ＊"src": "H31", "def": "Abihud"},
72	αβιρα	{"lemma": "Αβιρα", "pos": "Np", ＊"src": "H28", "def": "Abida"},
91	αβρααμ	{"lemma": "Ἀβραάμ", "strong": "11", "pos": "Np", ＊"src": "H85", "def": "Abraham"},
93	αβραμ	{"lemma": "Αβραμ", "pos": "Np", ＊"src": "H87", "def": "Abram"},
125	αγαρ	{"lemma": "Ἄγαρ", "strong": "28", "pos": "Np", ＊"src": "H1904", "def": "Hagar"},
136	αγγαιος	{"lemma": "Ἁγγαῖος", "pos": "Np", ＊"src": "H2292", "def": "Haggai"},
144	αγγις	{"lemma": "Αγγις", "pos": "Np", ＊"src": "H2291", "def": "Haggi"},
201	αγχις	{"lemma": "Αγχις", "pos": "Np", ＊"src": "H278", "def": "Ehi"},
216	αδα	{"lemma": "Αδα", "pos": "Np", ＊"src": "H5711", "def": "Adah"},
217	αδαδ	{"lemma": "Αδαδ", "pos": "Np", ＊"src": "H1908", "def": "Hadad"},
222	αδαμ	{"lemma": "Ἀδάμ", "strong": "76", "pos": "Np", ＊"src": "H121", "def": "Adam"},
239	αδδι	{"lemma": "Ἀδδί", "strong": "78", "pos": "Np", ＊"src": "H5714", "def": "Addi"},
331	αζαυ	{"lemma": "Αζαυ", "pos": "Np", ＊"src": "H2375", "def": "Hazo"},
347	αζωρ	{"lemma": "Ἀζώρ", "strong": "107", "pos": "Np", ＊"src": "H5809", "def": "Azzur"},
351	αζωτος	{"lemma": "Ἄζωτος", "strong": "108", "pos": "Np", ＊"src": "H795", "def": "Ashdod"},
353	αηδις	{"lemma": "Αηδις", "pos": "Np", ＊"src": "H6179", "def": "Eri"},
410	αιε	{"lemma": "Αιε", "pos": "Np", ＊"src": "H345", "def": "Ayah"},
430	αιλαμ	{"lemma": "Αιλαμ", "pos": "Np", ＊"src": "H5867", "def": "Eylam"},
441	αιλων	{"lemma": "Αιλων", "pos": "Np", ＊"src": "H356", "def": "Elon"},
444	αιμαν	{"lemma": "Αιμαν", "pos": "Np", ＊"src": "H1967", "def": "Heman"},
688	αλληλουια	{"lemma": "ἀλληλούϊα", "strong": "239", "pos": "I", ＊"src": "H1984", "def": "haleluyah"},
709	αλλων	{"lemma": "Αλλων", "pos": "Np", ＊"src": "H356", "def": "Elon"},
723	αλοηλ	{"lemma": "Αλοηλ", "pos": "Np", ＊"src": "H3177", "def": "Yahleel"},
747	αμαδα	{"lemma": "Αμαδα", "pos": "Np", ＊"src": "H2533", "def": "Hemdan"},
777	αμαρφαλ	{"lemma": "Αμαρφαλ", "pos": "Np", ＊"src": "H569", "def": "Amraphel"},
818	αμην	{"lemma": "ἀμήν", "strong": "281", "pos": "I", ＊"src": "H543", "def": "amen", "l": "a)mh/n"},
824	αμιναδαβ	{"lemma": "Ἀμιναδάβ", "strong": "284", "pos": "Np", ＊"src": "H5992", "def": "Amminadab"},
833	αμμαν	{"lemma": "Αμμαν", "pos": "Np", ＊"src": "H1151", "def": "Ben-Ammi"},
861	αμορις	{"lemma": "Αμορις", "pos": "Np", ＊"src": "H567", "def": "an Emorite"},
896	αμων	{"lemma": "Ἀμών", "strong": "300", "pos": "Np", ＊"src": "H526", "def": "Amon"},
898	αμως	{"lemma": "Ἀμώς", "strong": "301", "pos": "Np", ＊"src": "H531", "def": "Amos"},
901	ανα	{"lemma": "Ανα", "pos": "Np", ＊"src": "H6034", "def": "Anah"},
1016	ανανιας	{"lemma": "Ἀνανίας", "strong": "367", "pos": "Np", ＊"src": "H2608", "def": "Hananiah"},
1677	αραδ	{"lemma": "Αραδ", "pos": "Np", ＊"src": "H1924", "def": "Hadar, Ard"},
1682	αραμ	{"lemma": "Ἀράμ", "strong": "689", "pos": "Np", ＊"src": "H7410", "def": "Ram, Aram, Aran"},
1700	αρβοκ	{"lemma": "Αρβοκ", "pos": "Np", ＊"src": "H7153", "def": "Arba"},
1760	αριωχ	{"lemma": "Αριωχ", "pos": "Np", ＊"src": "H746", "def": "Aryok"},
1785	αροηδις	{"lemma": "Αροηδις", "pos": "Np", ＊"src": "H722", "def": "Arodi"},
1786	αροηλις	{"lemma": "Αροηλις", "pos": "Np", ＊"src": "H692", "def": "Areli"},
1806	αρραβων	{"lemma": "ἀρραβών", "strong": "728", "pos": "N", ＊"src": "H6162", "def": "collateral", "l": "a)rrabw/n"},
1832	αρφαξαδ	{"lemma": "Ἀρφαξάδ", "strong": "742", "pos": "Np", ＊"src": "H775", "def": "Arphaxad, Arpakshad"},
1870	ασα	{"lemma": "Ἀσά", "strong": "760", "pos": "Np", ＊"src": "H609", "def": "Asa"},
1884	ασαρ	{"lemma": "Ασαρ", "pos": "Np", ＊"src": "H687", "def": "Etser"},
1895	ασβαν	{"lemma": "Ασβαν", "pos": "Np", ＊"src": "H790", "def": "Eshban"},
1898	ασβηλ	{"lemma": "Ασβηλ", "pos": "Np", ＊"src": "H788", "def": "Ashbel"},
1922	ασεννεθ	{"lemma": "Ασεννεθ", "pos": "Np", ＊"src": "H621", "def": "Asnath"},
1934	ασηρ	{"lemma": "Ἀσήρ", "strong": "768", "pos": "Np", ＊"src": "H836", "def": "Asher"},
1951	ασιηλ	{"lemma": "Ἀσιηλ", "pos": "Np", ＊"src": "H3183", "def": "Yahtseel"},
1978	ασομ	{"lemma": "Ασομ", "pos": "Np", ＊"src": "H2367", "def": "Husham, Hushim"},
1992	ασρων	{"lemma": "Ασρων", "pos": "Np", ＊"src": "H2696", "def": "Hetsron"},
2002	ασσουριιμ	{"lemma": "Ασσουριιμ", "pos": "Np", ＊"src": "H805", "def": "an Asshurite"},
2004	ασσυριος	{"lemma": "Ἀσσύριος", "pos": "Np", ＊"src": "H804", "def": "Assyria"},
2067	αταδ	{"lemma": "Αταδ", "pos": "Np", ＊"src": "H329", "def": "Atad"},
2143	αυναν	{"lemma": "Αυναν", "pos": "Np", ＊"src": "H6063", "def": "Aner, Onan"},
2196	αφερ	{"lemma": "Αφερ", "pos": "Np", ＊"src": "H6081", "def": "Epher"},
2245	αχαζ	{"lemma": "Ἀχάζ", "strong": "881", "pos": "Np", ＊"src": "H271", "def": "Ahaz"},
2278	αχιμ	{"lemma": "Ἀχίμ", "pos": "Np", ＊"src": "H3199", "def": "Jachin", "v": "αχειμ"},
2304	αχοβωρ	{"lemma": "Αχοβωρ", "pos": "Np", ＊"src": "H5907", "def": "Akbor"},
2323	αωδ	{"lemma": "Αωδ", "pos": "Np", ＊"src": "H161", "def": "Ohad"},
2333	βααλ	{"lemma": "Βάαλ", "strong": "896", "pos": "Np", ＊"src": "H1168", "def": "Baal"},
2377	βαθουηλ	{"lemma": "Βαθουηλ", "pos": "Np", ＊"src": "H1328", "def": "Bethuel"},
2412	βαιθηλ	{"lemma": "Βαιθηλ", "pos": "Np", ＊"src": "H1008", "def": "Beth-El"},
2466	βαλα	{"lemma": "Βαλα", "pos": "Np", ＊"src": "H1106", "def": "Bela"},
2468	βαλααμ	{"lemma": "Βαλαάμ", "strong": "903", "pos": "Np", ＊"src": "H1109", "def": "Balaam"},
2469	βαλααν	{"lemma": "Βαλααν", "pos": "Np", ＊"src": "H1092", "def": "Bilhan"},
2472	βαλαεννων	{"lemma": "Βαλαεννων", "pos": "Np", ＊"src": "H1177", "def": "Baal Hanan"},
2474	βαλακ	{"lemma": "Βαλάκ", "strong": "904", "pos": "Np", ＊"src": "H1111", "def": "Balak, Bela"},
2485	βαλλα	{"lemma": "Βαλλα", "pos": "Np", ＊"src": "H1090", "def": "Bera, Bilhah"},
2520	βαραδ	{"lemma": "Βαραδ", "pos": "Np", ＊"src": "H1260", "def": "Bared, Bedad"},
2523	βαρακ	{"lemma": "Βαράκ", "strong": "913", "pos": "Np", ＊"src": "H1301", "def": "Barak"},
2526	βαραχιας	{"lemma": "Βαραχίας", "strong": "914", "pos": "Np", ＊"src": "H1296", "def": "Berechiah"},
2536	βαρια	{"lemma": "Βαρια", "pos": "Np", ＊"src": "H1283", "def": "Beriah"},
2572	βασεμμαθ	{"lemma": "Βασεμμαθ", "pos": "Np", ＊"src": "H1315", "def": "Bosmath"},
2600	βαυξ	{"lemma": "Βαυξ", "pos": "Np", ＊"src": "H938", "def": "Buz"},
2630	βεηρ	{"lemma": "Βεηρ", "pos": "Np", ＊"src": "H882", "def": "Beeri"},
2642	βελιαλ	{"lemma": "Βελίαλ", "strong": "955", "pos": "Np", ＊"src": "H1100", "def": "Belial"},
2650	βενιαμιν	{"lemma": "Βενιαμίν", "strong": "958", "pos": "Np", ＊"src": "H1144", "def": "Benjamin"},
2671	βεωρ	{"lemma": "Βεωρ", "pos": "Np", ＊"src": "H1160", "def": "Beor"},
2675	βηθαβαρα	{"lemma": "Βηθαβαρά", "strong": "962", "pos": "Np", ＊"src": "H1004, H5679", "def": "Bethabara"},
2688	βηθλεεμ	{"lemma": "Βηθλέεμ", "strong": "965", "pos": "Np", ＊"src": "H1035", "def": "Bethlehem"},
2760	βοοζ	{"lemma": "Βοόζ", "strong": "1003", "pos": "Np", ＊"src": "H1162", "def": "Boaz"},
2768	βοσορ	{"lemma": "Βοσόρ", "strong": "1007", "pos": "Np", ＊"src": "H1160", "def": "Beor"},
2770	βοσορρα	{"lemma": "Βοσορρα", "pos": "Np", ＊"src": "H1224", "def": "Botsrah"},
2845	γααμ	{"lemma": "Γααμ", "pos": "Np", ＊"src": "H1514", "def": "Gaham"},
2871	γαβριηλ	{"lemma": "Γαβριήλ", "strong": "1043", "pos": "Np", ＊"src": "H1403", "def": "Gabriel"},
2872	γαδ	{"lemma": "Γάδ", "strong": "1045", "pos": "Np", ＊"src": "H1410", "def": "Gad"},
2878	γαδερ	{"lemma": "Γαδερ", "pos": "Np", ＊"src": "H1445", "def": "Geder"},
2884	γαζα	{"lemma": "Γάζα", "strong": "1048", "pos": "Np", ＊"src": "H5804", "def": "Gaza"},
2909	γαιβηλ	{"lemma": "Γαιβηλ", "pos": "Np", ＊"src": "H5858", "def": "Ebal"},
2917	γαιφα	{"lemma": "Γαιφα", "pos": "Np", ＊"src": "H5891", "def": "Ephah"},
2920	γαλααδ	{"lemma": "Γαλαάδ", "pos": "Np", ＊"src": "H1568", "def": "Gilad"},
2945	γαμαλιηλ	{"lemma": "Γαμαλιήλ", "strong": "1059", "pos": "Np", ＊"src": "H1583", "def": "Gamaliel"},
2995	γεδεων	{"lemma": "Γεδεών", "strong": "1066", "pos": "Np", ＊"src": "H1439", "def": "Gideon"},
3009	γεθθαιμ	{"lemma": "Γεθθαιμ", "pos": "Np", ＊"src": "H5762", "def": "Avith"},
3060	γεραρα	{"lemma": "Γεραρα", "pos": "Np", ＊"src": "H1642", "def": "Gerar"},
3062	γεργεσαιος	{"lemma": "Γεργεσαῖος", "pos": "Np", ＊"src": "H1622", "def": "Girgashite"},
3067	γεσεμ	{"lemma": "Γέσεμ", "pos": "Np", ＊"src": "H1657", "def": "Goshen"},
3088	γηρα	{"lemma": "Γηρα", "pos": "Np", ＊"src": "H1617", "def": "Gera"},
3095	γηρσων	{"lemma": "Γηρσων", "pos": "Np", ＊"src": "H1648", "def": "Gershon"},
3156	γοθομ	{"lemma": "Γοθομ", "pos": "Np", ＊"src": "H1609", "def": "Gatam"},
3165	γομορρα	{"lemma": "Γόμορρα", "strong": "1116", "pos": "Np", ＊"src": "H6017", "def": "Gomorrah"},
3213	γωγ	{"lemma": "Γώγ", "strong": "1136", "pos": "Np", ＊"src": "H1463", "def": "Gog"},
3218	γωλα	{"lemma": "Γωλα", "pos": "Np", ＊"src": "H5933", "def": "Alvah"},
3223	γωλων	{"lemma": "Γωλων", "pos": "Np", ＊"src": "H5935", "def": "Alvan"},
3228	γωυνι	{"lemma": "Γωυνι", "pos": "Np", ＊"src": "H1476", "def": "Guni"},
3232	δαβιδ	{"lemma": "Δαβίδ", "strong": "1138", "pos": "Np", ＊"src": "H1732", "def": "David"},
3248	δαιδαν	{"lemma": "Δαιδαν", "pos": "Np", ＊"src": "H1719", "def": "Dedan"},
3276	δαν	{"lemma": "Δαν", "pos": "Np", ＊"src": "H1835", "def": "Dan"},
3283	δανιηλ	{"lemma": "Δανιήλ", "strong": "1158", "pos": "Np", ＊"src": "H1840", "def": "Daniel"},
3292	δαρειος	{"lemma": "Δαρεῖος", "pos": "Np", ＊"src": "H1867", "def": "Darius", "l": "*darei=os"},
3305	δεββωρα	{"lemma": "Δεββωρα", "pos": "Np", ＊"src": "H1683", "def": "Deborah"},
3357	δενναβα	{"lemma": "Δενναβα", "pos": "Np", ＊"src": "H1838", "def": "Dinhabah"},
3416	δησων	{"lemma": "Δησων", "pos": "Np", ＊"src": "H1787", "def": "Dishon"},
3710	δινα	{"lemma": "Δινα", "pos": "Np", ＊"src": "H1783", "def": "Dinah"},
3894	δωθαιμ	{"lemma": "Δωθαϊμ", "pos": "Np", ＊"src": "H1886", "def": "Dothan"},
3929	εβερ	{"lemma": "Ἐβέρ", "strong": "1443", "pos": "Np", ＊"src": "H5677", "def": "Eber"},
4027	εδεμ	{"lemma": "Εδεμ", "pos": "Np", ＊"src": "H6197", "def": "Eden, Eran"},
4041	εδωμ	{"lemma": "Εδωμ", "pos": "Np", ＊"src": "H123", "def": "Edom"},
4044	εζεκιας	{"lemma": "Ἐζεκίας", "strong": "1478", "pos": "Np", ＊"src": "H2396", "def": "Hezekiah"},
4407	ελεαζαρ	{"lemma": "Ἐλεάζαρ", "strong": "1648", "pos": "Np", ＊"src": "H499", "def": "Eleazar"},
4454	ελιακειμ	{"lemma": "Ἐλιακείμ", "strong": "1662", "pos": "Np", ＊"src": "H471", "def": "Eliakim"},
4465	ελιβεμα	{"lemma": "Ελιβεμα", "pos": "Np", ＊"src": "H173", "def": "Oholibamah"},
4468	ελιεζερ	{"lemma": "Ἐλιέζερ", "strong": "1663", "pos": "Np", ＊"src": "H461", "def": "Eliezer"},
4480	ελισαβετ	{"lemma": "Ἐλισάβετ", "strong": "1665", "pos": "Np", ＊"src": "H472", "def": "Elizabeth"},
4499	ελιφας	{"lemma": "Ελιφας", "pos": "Np", ＊"src": "H464", "def": "Eliphaz"},
4513	ελλασαρ	{"lemma": "Ελλασαρ", "pos": "Np", ＊"src": "H495", "def": "Ellasar"},
4531	ελραγα	{"lemma": "Ελραγα", "pos": "Np", ＊"src": "H420", "def": "Eldaah"},
4539	ελωι	{"lemma": "ἐλωΐ", "strong": "1682", "pos": "N", ＊"src": "H426", "def": "Eli"},
4568	εμμανουηλ	{"lemma": "Ἐμμανουήλ", "strong": "1694", "pos": "Np", ＊"src": "H6005", "def": "Emmanuel"},
4576	εμμωρ	{"lemma": "Ἑμμώρ", "pos": "Np", ＊"src": "H2544", "def": "Hamor", "v": "εμμορ"},
4824	ενως	{"lemma": "Ἐνώς", "strong": "1800", "pos": "Np", ＊"src": "H583", "def": "Enosh"},
4827	ενωχ	{"lemma": "Ἐνώχ", "strong": "1802", "pos": "Np", ＊"src": "H2585", "def": "Enoch (Hanok)"},
4837	εξαιρετος	{"lemma": "ἐξαίρετος", "pos": "A", ＊"src": "H1807", "def": "II. taken out", "l": "e)caireto/s"},
5510	εσρωμ	{"lemma": "Ἐσρώμ", "strong": "2074", "pos": "Np", ＊"src": "H2696", "def": "Hezron"},
5520	εσχωλ	{"lemma": "Εσχωλ", "pos": "Np", ＊"src": "H812", "def": "Eshkol"},
5545	ευα	{"lemma": "Εὖα", "strong": "2096", "pos": "Np", ＊"src": "H2332", "def": "Eve"},
5606	ευιλατ	{"lemma": "Ευιλατ", "pos": "Np", ＊"src": "H2341", "def": "Havilah"},
5765	εφραθα	{"lemma": "Εφραθα", "pos": "Np", ＊"src": "H672", "def": "Ephrathah"},
5769	εφραιμ	{"lemma": "Ἐφραίμ", "strong": "2187", "pos": "Np", ＊"src": "H669", "def": "Ephraim"},
5770	εφρων	{"lemma": "Εφρων", "pos": "Np", ＊"src": "H6085", "def": "Ephron"},
5813	ζαβουλων	{"lemma": "Ζαβουλών", "strong": "2194", "pos": "Np", ＊"src": "H2074", "def": "Zebulun"},
5830	ζαμβραμ	{"lemma": "Ζαμβραμ", "pos": "Np", ＊"src": "H8110", "def": "Shimron"},
5837	ζαρα	{"lemma": "Ζαρά", "strong": "2196", "pos": "Np", ＊"src": "H2226", "def": "Zerah"},
5841	ζαρε	{"lemma": "Ζαρε", "pos": "Np", ＊"src": "H2226", "def": "Zerah"},
5846	ζαφωιμ	{"lemma": "Ζαφωιμ", "pos": "Np", ＊"src": "H5902", "def": "Iram"},
5847	ζαχαριας	{"lemma": "Ζαχαρίας", "strong": "2197", "pos": "Np", ＊"src": "H2148", "def": "Zechariah"},
5856	ζελφα	{"lemma": "Ζελφα", "pos": "Np", ＊"src": "H2153", "def": "Zilpah"},
5861	ζεμραν	{"lemma": "Ζεμραν", "pos": "Np", ＊"src": "H2175", "def": "Zimran"},
5889	ζοροβαβελ	{"lemma": "Ζοροβαβέλ", "strong": "2216", "pos": "Np", ＊"src": "H2216", "def": "Zerubbabel"},
5892	ζουκαμ	{"lemma": "Ζουκαμ", "pos": "Np", ＊"src": "H2190", "def": "Zaavan"},
5962	ηλας	{"lemma": "Ηλας", "pos": "Np", ＊"src": "H425", "def": "Elah"},
5970	ηλιας	{"lemma": "Ἠλίας", "strong": "2243", "pos": "Np", ＊"src": "H452", "def": "Elijah"},
6016	ηρ	{"lemma": "Ἤρ", "strong": "2262", "pos": "Np", ＊"src": "H6147", "def": "Er"},
6026	ησαιας	{"lemma": "Ἡσαΐας", "strong": "2268", "pos": "Np", ＊"src": "H3470", "def": "Isaiah"},
6030	ησαυ	{"lemma": "Ἠσαῦ", "strong": "2269", "pos": "Np", ＊"src": "H6215", "def": "Esau"},
6062	θαιμαν	{"lemma": "Θαιμάν", "pos": "Np", ＊"src": "H8485", "def": "Tema, Teman"},
6078	θαμαρ	{"lemma": "Θάμαρ", "strong": "2283", "pos": "Np", ＊"src": "H8559", "def": "Tamar"},
6084	θαμνα	{"lemma": "Θαμνα", "pos": "Np", ＊"src": "H8555", "def": "Timna"},
6104	θαρα	{"lemma": "Θάρα", "strong": "2291", "pos": "Np", ＊"src": "H8646", "def": "Terah"},
6112	θαργαλ	{"lemma": "Θαργαλ", "pos": "Np", ＊"src": "H8413", "def": "Tidal"},
6131	θασοβαν	{"lemma": "Θασοβαν", "pos": "Np", ＊"src": "H675", "def": "Etsbon"},
6352	θωλα	{"lemma": "Θωλα", "pos": "Np", ＊"src": "H8439", "def": "Tola"},
6369	ιαβοκ	{"lemma": "Ιαβοκ", "pos": "Np", ＊"src": "H2999", "def": "Yabboq"},
6401	ιακωβ	{"lemma": "Ἰακώβ", "strong": "2384", "pos": "Np", ＊"src": "H3290", "def": "Jacob"},
6409	ιαμιν	{"lemma": "Ιαμιν", "pos": "Np", ＊"src": "H3222", "def": "Yemim, Yamin"},
6430	ιαρεδ	{"lemma": "Ἰάρεδ", "strong": "2391", "pos": "Np", ＊"src": "H3382", "def": "Jared, Yared"},
6447	ιασουβ	{"lemma": "Ιασουβ", "pos": "Np", ＊"src": "H3102", "def": "Yob"},
6464	ιαχιν	{"lemma": "Ιαχιν", "pos": "Np", ＊"src": "H3199", "def": "Yakin"},
6502	ιδουμα	{"lemma": "Ιδουμα", "pos": "Np", ＊"src": "H1746", "def": "Dumah"},
6503	ιδουμαια	{"lemma": "Ἰδουμαία", "strong": "2401", "pos": "Np", ＊"src": "H123", "def": "Idumea"},
6519	ιεβουσαιος	{"lemma": "Ιεβουσαῖος", "pos": "Np", ＊"src": "H2983", "def": "a Yebusite"},
6522	ιεγλομ	{"lemma": "Ιεγλομ", "pos": "Np", ＊"src": "H3281", "def": "Yalam"},
6534	ιεδλαφ	{"lemma": "Ιεδλαφ", "pos": "Np", ＊"src": "H3044", "def": "Yidlaph"},
6537	ιεζαβηλ	{"lemma": "Ἰεζαβήλ", "strong": "2403", "pos": "Np", ＊"src": "H348", "def": "Jezebel"},
6559	ιεθερ	{"lemma": "Ιεθερ", "pos": "Np", ＊"src": "H3509", "def": "Yetheth"},
6571	ιεθραν	{"lemma": "Ιεθραν", "pos": "Np", ＊"src": "H3506", "def": "Yithran"},
6588	ιεμνα	{"lemma": "Ιεμνα", "pos": "Np", ＊"src": "H3232", "def": "Yimnah"},
6594	ιεμουηλ	{"lemma": "Ιεμουηλ", "pos": "Np", ＊"src": "H3223", "def": "Yemuel, Hamul"},
6595	ιεξαν	{"lemma": "Ιεξαν", "pos": "Np", ＊"src": "H3370", "def": "Yoqshan"},
6597	ιεουλ	{"lemma": "Ιεουλ", "pos": "Np", ＊"src": "H3440", "def": "Yishvi"},
6598	ιεους	{"lemma": "Ιεους", "pos": "Np", ＊"src": "H3274", "def": "Yeush"},
6611	ιερεμιας	{"lemma": "Ἱερεμίας", "strong": "2408", "pos": "Np", ＊"src": "H3414", "def": "Jeremiah"},
6620	ιεριχω	{"lemma": "Ἱεριχώ", "strong": "2410", "pos": "Np", ＊"src": "H3405", "def": "Jericho"},
6634	ιεροσολυμα	{"lemma": "Ἱεροσόλυμα", "strong": "2414", "pos": "Np", ＊"src": "H3389", "def": "Jerusalem"},
6644	ιερουσαλημ	{"lemma": "Ἱερουσαλήμ", "strong": "2419", "pos": "N D", ＊"src": "H3389", "def": "Jerusalem"},
6654	ιεσβοκ	{"lemma": "Ιεσβοκ", "pos": "Np", ＊"src": "H3435", "def": "Yishbaq"},
6665	ιεσουα	{"lemma": "Ιεσουα", "pos": "Np", ＊"src": "H3438", "def": "Yishvah"},
6668	ιεσσαι	{"lemma": "Ἰεσσαί", "strong": "2421", "pos": "Np", ＊"src": "H3448", "def": "Jesse"},
6678	ιετουρ	{"lemma": "Ιετουρ", "pos": "Np", ＊"src": "H3195", "def": "Yetur"},
6683	ιεφθαε	{"lemma": "Ἰεφθάε", "strong": "2422", "pos": "Np", ＊"src": "H3316", "def": "Jephthah"},
6691	ιεχονιας	{"lemma": "Ἰεχονίας", "strong": "2423", "pos": "Np", ＊"src": "H3204", "def": "Jeconiah"},
6701	ιησους	{"lemma": "Ἰησοῦς", "strong": "2424", "pos": "Np", ＊"src": "H3091", "def": "Jesus, Joshua", "l": "*)ihsou=s"},
6760	ιοππη	{"lemma": "Ἰόππη", "strong": "2445", "pos": "Np", ＊"src": "H3305", "def": "Joppa"},
6763	ιορδανης	{"lemma": "Ἰορδάνης", "strong": "2446", "pos": "Np", ＊"src": "H3383", "def": "Jordan"},
6768	ιουδα	{"lemma": "Ἰουδά", "strong": "2448", "pos": "Np", ＊"src": "H3063", "def": "Judah"},
6775	ιουδας	{"lemma": "Ἰούδας", "strong": "2455", "pos": "Np", ＊"src": "H3063", "def": "Judas, Judah"},
6778	ιουδιν	{"lemma": "Ιουδιν", "pos": "Np", ＊"src": "H3067", "def": "Yehudith"},
6797	ιρας	{"lemma": "Ιρας", "pos": "Np", ＊"src": "H2437", "def": "Hirah"},
6799	ισαακ	{"lemma": "Ἰσαάκ", "strong": "2464", "pos": "Np", ＊"src": "H3327", "def": "Isaac"},
6818	ισμαηλ	{"lemma": "Ισμαηλ", "pos": "Np", ＊"src": "H3458", "def": "Yishmael"},
6819	ισμαηλιτης	{"lemma": "Ισμαηλίτης", "pos": "Np", ＊"src": "H3459", "def": "a Yishmaelite"},
6839	ισραηλ.1	{"lemma": "Ἰσραήλ", "strong": "2474", "pos": "M N", ＊"src": "H3478", "def": "Israel", "deriv": "ισραηλιτης"},
6841	ισσααρ	{"lemma": "Ισσααρ", "pos": "Np", ＊"src": "H3337", "def": "Yetser"},
6843	ισσαχαρ	{"lemma": "Ἰσσαχάρ", "pos": "Np", ＊"src": "H3485", "def": "Issachar", "v": "ισαχαρ"},
6885	ιωαθαμ	{"lemma": "Ἰωάθαμ", "strong": "2488", "pos": "Np", ＊"src": "H3147", "def": "Jotham"},
6892	ιωαννης	{"lemma": "Ἰωάννης", "strong": "2491", "pos": "Np", ＊"src": "H3110", "def": "John"},
6903	ιωβ	{"lemma": "Ἰώβ", "strong": "2492", "pos": "Np", ＊"src": "H347", "def": "Job"},
6904	ιωβαβ	{"lemma": "Ιωβαβ", "pos": "Np", ＊"src": "H3103", "def": "Yobab"},
6907	ιωδα	{"lemma": "Ἰωδά", "pos": "Np", ＊"src": "H3063", "def": "Judah", "v": "ιουδα"},
6916	ιωηλ	{"lemma": "Ἰωήλ", "strong": "2493", "pos": "Np", ＊"src": "H3100", "def": "Joel"},
6931	ιωνας	{"lemma": "Ἰωνᾶς", "strong": "2495", "pos": "Np", ＊"src": "H3124", "def": "Jonah"},
6933	ιωραμ	{"lemma": "Ἰωράμ", "strong": "2496", "pos": "Np", ＊"src": "H3141", "def": "Joram"},
6942	ιωσαφατ	{"lemma": "Ἰωσαφάτ", "strong": "2498", "pos": "Np", ＊"src": "H3092", "def": "Jehoshaphat"},
6944	ιωσεδεκ	{"lemma": "Ιωσεδεκ", "pos": "Np", ＊"src": "H3087", "def": "Yehotsadaq"},
6948	ιωσηφ	{"lemma": "Ἰωσήφ", "strong": "2501", "pos": "Np", ＊"src": "H3130", "def": "Joseph"},
6950	ιωσιας	{"lemma": "Ἰωσίας", "strong": "2502", "pos": "Np", ＊"src": "H2977", "def": "Josiah"},
6953	ιωυκαμ	{"lemma": "Ιωυκαμ", "pos": "Np", ＊"src": "H6130", "def": "Aqan"},
6961	κααθ	{"lemma": "Κααθ", "pos": "Np", ＊"src": "H6955", "def": "Qehath"},
7035	καιν	{"lemma": "Κάϊν", "strong": "2535", "pos": "Np", ＊"src": "H7014", "def": "Cain"},
7038	καιναιος	{"lemma": "Καιναῖος", "pos": "Np", ＊"src": "H7017", "def": "a Qenite"},
7039	καιναν	{"lemma": "Καϊνάν", "strong": "2536", "pos": "Np", ＊"src": "H7018", "def": "Cainan, Qenan"},
7116	καμουηλ	{"lemma": "Καμουηλ", "pos": "Np", ＊"src": "H7055", "def": "Qemuel"},
7121	κανα	{"lemma": "Κανά", "strong": "2580", "pos": "Np", ＊"src": "H7071", "def": "Cana"},
7587	κεδμα	{"lemma": "Κεδμα", "pos": "Np", ＊"src": "H6929", "def": "Qedmah"},
7588	κεδμωναιος	{"lemma": "Κεδμωναῖος", "pos": "Np", ＊"src": "H6935", "def": "a Qadmonite"},
7591	κεδρων	{"lemma": "Κεδρών", "strong": "2748", "pos": "Np", ＊"src": "H6939", "def": "Kidron"},
7603	κενεζ	{"lemma": "Κενεζ", "pos": "Np", ＊"src": "H7073", "def": "Qenaz"},
7604	κενεζαιος	{"lemma": "Κενεζαῖος", "pos": "Np", ＊"src": "H7074", "def": "a Qenizzite"},
7645	κηδαρ	{"lemma": "Κηδαρ", "pos": "Np", ＊"src": "H6938", "def": "Qedar"},
7689	κις	{"lemma": "Κίς", "strong": "2797", "pos": "Np", ＊"src": "H7072", "def": "Kish"},
7833	κορε	{"lemma": "Κορέ", "strong": "2879", "pos": "Np", ＊"src": "H7141", "def": "Korah, Qorah"},
7841	κορος	{"lemma": "κόρος", "strong": "2884", "pos": "N", ＊"src": "H3734", "def": "10 bushels", "l": "ko/ros3"},
8077	λαμεχ	{"lemma": "Λάμεχ", "strong": "2984", "pos": "Np", ＊"src": "H3929", "def": "Lamech, Lamek"},
8105	λατουσιιμ	{"lemma": "Λατουσιιμ", "pos": "Np", ＊"src": "H3912", "def": "a Letushite"},
8127	λεια	{"lemma": "Λεια", "pos": "Np", ＊"src": "H3812", "def": "Leah"},
8158	λευι	{"lemma": "Λευΐ", "strong": "3017", "pos": "Np", ＊"src": "H3878", "def": "Levi"},
8159	λευις	{"lemma": "Λευΐς", "strong": "3018", "pos": "Np", ＊"src": "H3878", "def": "Levi"},
8252	λουζα	{"lemma": "Λουζα", "pos": "Np", ＊"src": "H3870", "def": "Luz"},
8262	λοωμιμ	{"lemma": "Λοωμιμ", "pos": "Np", ＊"src": "H3817", "def": "a Leumite"},
8293	λωτ	{"lemma": "Λώτ", "strong": "3091", "pos": "Np", ＊"src": "H3876", "def": "Lot"},
8294	λωταν	{"lemma": "Λωταν", "pos": "Np", ＊"src": "H3877", "def": "Lotan"},
8348	μαγωγ	{"lemma": "Μαγώγ", "strong": "3098", "pos": "Np", ＊"src": "H4031", "def": "Magog"},
8350	μαδαν	{"lemma": "Μαδαν", "pos": "Np", ＊"src": "H4091", "def": "Medan"},
8355	μαδιαν	{"lemma": "Μαδιάν", "strong": "3099", "pos": "Np", ＊"src": "H4080", "def": "Midian"},
8359	μαδιηναιος	{"lemma": "Μαδιηναῖος", "pos": "Np", ＊"src": "H4084", "def": "a Midianite"},
8363	μαελεθ	{"lemma": "Μαελεθ", "pos": "Np", ＊"src": "H4258", "def": "Mahalath"},
8366	μαζαρ	{"lemma": "Μαζαρ", "pos": "Np", ＊"src": "H4014", "def": "Mibtsar"},
8380	μαθουσαλα	{"lemma": "Μαθουσαλά", "strong": "3103", "pos": "Np", ＊"src": "H4968", "def": "Methuselah"},
8385	μαιζοοβ	{"lemma": "Μαιζοοβ", "pos": "Np", ＊"src": "H4314", "def": "Me Zahab"},
8393	μαιτεβεηλ	{"lemma": "Μαιτεβεηλ", "pos": "Np", ＊"src": "H4105", "def": "Mehetabel"},
8443	μαλελεηλ	{"lemma": "Μαλελεήλ", "strong": "3121", "pos": "Np", ＊"src": "H4111", "def": "Mahalaleel, Mahalalel"},
8455	μαμβρη	{"lemma": "Μαμβρη", "pos": "Np", ＊"src": "H4471", "def": "Mamre"},
8460	μαμφιν	{"lemma": "Μαμφιν", "pos": "Np", ＊"src": "H4649", "def": "Muppim"},
8470	μανασσης	{"lemma": "Μανασσῆς", "strong": "3128", "pos": "Np", ＊"src": "H4519", "def": "Manasseh, Menassheh"},
8471	μαναχαθ	{"lemma": "Μαναχαθ", "pos": "Np", ＊"src": "H4506", "def": "Manahath"},
8486	μαννα	{"lemma": "μάννα", "strong": "3131", "pos": "N", ＊"src": "H4478", "def": "manna", "l": "ma/nna"},
8506	μαρια	{"lemma": "Μαρία", "strong": "3137", "pos": "Np", ＊"src": "H4813", "def": "Mary"},
8542	μασεκ	{"lemma": "Μασεκ", "pos": "Np", ＊"src": "H4943", "def": "Mesheq"},
8543	μασεκκα	{"lemma": "Μασεκκα", "pos": "Np", ＊"src": "H4957", "def": "Masreqah"},
8553	μασμα	{"lemma": "Μασμα", "pos": "Np", ＊"src": "H4927", "def": "Mishma"},
8557	μασσαμ	{"lemma": "Μασσαμ", "pos": "Np", ＊"src": "H4017", "def": "Mibsam"},
8559	μασση	{"lemma": "Μασση", "pos": "Np", ＊"src": "H4854", "def": "Mesha, Massa"},
8583	ματθαν	{"lemma": "Ματθάν", "strong": "3157", "pos": "Np", ＊"src": "H4977", "def": "Mattan"},
8584	ματραιθ	{"lemma": "Ματραιθ", "pos": "Np", ＊"src": "H4308", "def": "Matred"},
8585	ματταθιας	{"lemma": "Ματταθίας", "strong": "3161", "pos": "Np", ＊"src": "H4993", "def": "Mattathias"},
8604	μαχιρ	{"lemma": "Μαχιρ", "pos": "Np", ＊"src": "H4353", "def": "Makir"},
8655	μεγεδιηλ	{"lemma": "Μεγεδιηλ", "pos": "Np", ＊"src": "H4025", "def": "Magdiel"},
8708	μελχα	{"lemma": "Μελχα", "pos": "Np", ＊"src": "H4435", "def": "Milkah"},
8713	μελχιηλ	{"lemma": "Μελχιηλ", "pos": "Np", ＊"src": "H4439", "def": "Malkiel"},
8717	μελχισεδεκ	{"lemma": "Μελχισέδεκ", "strong": "3198", "pos": "Np", ＊"src": "H4442", "def": "Melchizedek, Malki-Tsedeq"},
8739	μεραρι	{"lemma": "Μεραρι", "pos": "Np", ＊"src": "H4847", "def": "Merari"},
8953	μιχαηλ	{"lemma": "Μιχαήλ", "strong": "3413", "pos": "Np", ＊"src": "H4317", "def": "Michael"},
8973	μοζε	{"lemma": "Μοζε", "pos": "Np", ＊"src": "H4199", "def": "Mizzah"},
8984	μολοχ	{"lemma": "Μολόχ", "strong": "3434", "pos": "Np", ＊"src": "H4432", "def": "Molech"},
9085	μωαβ	{"lemma": "Μωαβ", "pos": "Np", ＊"src": "H4124", "def": "Moab"},
9112	μωσευς	{"lemma": "Μωσεύς", "strong": "3475", "pos": "Np", ＊"src": "H4872", "def": "Moses"},
9116	μωχα	{"lemma": "Μωχα", "pos": "Np", ＊"src": "H4601", "def": "Maakah"},
9127	ναασσων	{"lemma": "Ναασσών", "strong": "3476", "pos": "Np", ＊"src": "H5177", "def": "Nashon"},
9131	ναβαιωθ	{"lemma": "Ναβαιωθ", "pos": "Np", ＊"src": "H5032", "def": "Nebayoth"},
9138	ναβδεηλ	{"lemma": "Ναβδεηλ", "pos": "Np", ＊"src": "H110", "def": "Adbeel"},
9164	ναθαν	{"lemma": "Νάθαν", "strong": "3481", "pos": "Np", ＊"src": "H5416", "def": "Nathan"},
9165	ναθαναηλ	{"lemma": "Ναθαναήλ", "strong": "3482", "pos": "Np", ＊"src": "H5417", "def": "Nathaniel"},
9192	ναουμ	{"lemma": "Ναούμ", "strong": "3486", "pos": "Np", ＊"src": "H5151", "def": "Nahum"},
9213	ναφες	{"lemma": "Ναφες", "pos": "Np", ＊"src": "H5305", "def": "Naphish"},
9226	ναχοθ	{"lemma": "Ναχοθ", "pos": "Np", ＊"src": "H5184", "def": "Nahath"},
9227	ναχωρ	{"lemma": "Ναχώρ", "strong": "3493", "pos": "Np", ＊"src": "H5152", "def": "Nahor"},
9279	νεφθαλειμ	{"lemma": "Νεφθαλείμ", "strong": "3508", "pos": "Np", ＊"src": "H5321", "def": "Naphtali, Naphtuhim"},
9312	νινευι	{"lemma": "Νινευΐ", "strong": "3535", "pos": "Np", ＊"src": "H5210", "def": "Nineveh", "deriv": "νινευιτης"},
9324	νοεμαν	{"lemma": "Νοεμαν", "pos": "Np", ＊"src": "H5283", "def": "Naaman"},
9395	νωε	{"lemma": "Νῶε", "strong": "3575", "pos": "Np", ＊"src": "H5146", "def": "Noah"},
9453	οδολλαμιτης	{"lemma": "Οδολλαμίτης", "pos": "Np", ＊"src": "H5726", "def": "an Adullamite"},
9473	οζια	{"lemma": "Οζια", "pos": "Np", ＊"src": "H5814"},
9474	οζιας	{"lemma": "Ὀζίας", "strong": "3604", "pos": "Np", ＊"src": "H5818", "def": "Uzziah"},
9538	οιφι	{"lemma": "οἰφί", "pos": "N", ＊"src": "H374", "def": "an ephah"},
9826	ουκαν	{"lemma": "Ουκαν", "pos": "Np", ＊"src": "H6130", "def": "Aqan"},
9833	ουλαμλους	{"lemma": "Ουλαμλους", "pos": "Np", ＊"src": "H199, H3870", "def": "Ulam Luz"},
9848	ουριας	{"lemma": "Οὐρίας", "strong": "3774", "pos": "Np", ＊"src": "H223", "def": "Uriah"},
9872	οφιμιν	{"lemma": "Οφιμιν", "pos": "Np", ＊"src": "H2650", "def": "Huppim"},
10182	πασχα	{"lemma": "πάσχα", "strong": "3957", "pos": "N", ＊"src": "H6453", "def": "Passover", "l": "pa/sxa"},
10440	πετεφρης	{"lemma": "Πετεφρης", "pos": "Np", ＊"src": "H6318", "def": "Potiphar, Poti Phera"},
11123	ρααβ	{"lemma": "Ῥαάβ", "strong": "4460", "pos": "N", ＊"src": "H7343", "def": "Rahab"},
11138	ραγαυ	{"lemma": "Ῥαγαῦ", "strong": "4466", "pos": "N", ＊"src": "H7455", "def": "Reu"},
11144	ραγουηλ	{"lemma": "Ῥαγουήλ", "pos": "N", ＊"src": "H7467", "def": "Reuel"},
11163	ραμα	{"lemma": "Ῥαμᾶ", "strong": "4471", "pos": "N", ＊"src": "H7414", "def": "Ramah"},
11197	ραφαιν	{"lemma": "Ραφαϊν", "pos": "Np", ＊"src": "H7497", "def": "Rephaim"},
11208	ραχηλ	{"lemma": "Ῥαχήλ", "strong": "4478", "pos": "N", ＊"src": "H7354", "def": "Rachel"},
11213	ρεβεκκα	{"lemma": "Ῥεβέκκα", "strong": "4479", "pos": "N", ＊"src": "H7259", "def": "Rebecca"},
11219	ρεημα	{"lemma": "Ρεημα", "pos": "Np", ＊"src": "H7208", "def": "Reumah"},
11269	ρισων	{"lemma": "Ρισων", "pos": "Np", ＊"src": "H1789", "def": "Rishon"},
11276	ροβοαμ	{"lemma": "Ῥοβοάμ", "strong": "4497", "pos": "N", ＊"src": "H7346", "def": "Rehoboam"},
11295	ρουβην	{"lemma": "Ῥουβήν", "strong": "4502", "pos": "N", ＊"src": "H7205", "def": "Reuben"},
11297	ρουθ	{"lemma": "Ῥούθ", "strong": "4503", "pos": "N", ＊"src": "H7327", "def": "Ruth"},
11301	ροωβωθ	{"lemma": "Ροωβωθ", "pos": "Np", ＊"src": "H7344", "def": "Rehoboth"},
11326	ρως	{"lemma": "Ρως", "pos": "Np", ＊"src": "H7220", "def": "Rosh"},
11328	σααρ	{"lemma": "Σααρ", "pos": "Np", ＊"src": "H6714", "def": "Tsohar"},
11332	σαβα	{"lemma": "Σαβα", "pos": "Np", ＊"src": "H7614", "def": "Seba, Sheba"},
11346	σαβαωθ	{"lemma": "σαβαώθ", "strong": "4519", "pos": "N", ＊"src": "H6635", "def": "Tsebaoth", "l": "sabaw/q"},
11350	σαββατον	{"lemma": "σάββατον", "strong": "4521", "pos": "N", ＊"src": "H7676", "def": "Sabbath, week (pl.)", "deriv": "προσαββατον", "l": "*sa/bbaton"},
11375	σαδωκ	{"lemma": "Σαδώκ", "strong": "4524", "pos": "Np", ＊"src": "H6659", "def": "Zadok"},
11388	σαλα	{"lemma": "Σαλά", "strong": "4527", "pos": "Np", ＊"src": "H7974", "def": "Shelah"},
11393	σαλαθιηλ	{"lemma": "Σαλαθιήλ", "strong": "4528", "pos": "Np", ＊"src": "H7597", "def": "Shealtiel"},
11406	σαλημ	{"lemma": "Σαλήμ", "strong": "4532", "pos": "Np", ＊"src": "H8004", "def": "Salem"},
11419	σαλμων	{"lemma": "Σαλμών", "strong": "4533", "pos": "Np", ＊"src": "H8012", "def": "Salmon"},
11443	σαμαλα	{"lemma": "Σαμαλα", "pos": "Np", ＊"src": "H8072", "def": "Samlah"},
11449	σαμαρεια	{"lemma": "Σαμάρεια", "strong": "4540", "pos": "Np", ＊"src": "H8111", "def": "Samaria", "l": "*samarei/a"},
11453	σαμαρια	{"lemma": "Σαμαρια", "pos": "Np", ＊"src": "H8114"},
11473	σαμουηλ	{"lemma": "Σαμουήλ", "strong": "4545", "pos": "Np", ＊"src": "H8050", "def": "Samuel"},
11482	σαμψων	{"lemma": "Σαμψών", "strong": "4546", "pos": "Np", ＊"src": "H8123", "def": "Samson"},
11499	σαουλ	{"lemma": "Σαούλ", "strong": "4549", "pos": "Np", ＊"src": "H7586", "def": "Saul, Shaul"},
11507	σαρα	{"lemma": "Σαρα", "pos": "Np", ＊"src": "H8294", "def": "Saray, Serah"},
11541	σαρρα	{"lemma": "Σάρρα", "strong": "4564", "pos": "Np", ＊"src": "H8283", "def": "Sarah"},
11545	σαρων	{"lemma": "Σάρων", "strong": "4565", "pos": "Np", ＊"src": "H8289", "def": "Sharon"},
11549	σαταν	{"lemma": "Σατάν", "strong": "4566", "pos": "Np", ＊"src": "H7854", "def": "Satan", "l": "*sata/n"},
11550	σατανας	{"lemma": "Σατανᾶς", "strong": "4567", "pos": "Np", ＊"src": "H7854", "def": "Satan", "l": "*sata/n"},
11558	σαυα	{"lemma": "Σαυα", "pos": "Np", ＊"src": "H7770", "def": "Shua"},
11560	σαυη	{"lemma": "Σαυη", "pos": "Np", ＊"src": "H7740", "def": "Shaveh"},
11562	σαυνις	{"lemma": "Σαυνις", "pos": "Np", ＊"src": "H7764", "def": "Shuni"},
11587	σαφων	{"lemma": "Σαφων", "pos": "Np", ＊"src": "H6837", "def": "Tsiphyon"},
11604	σεβεγων	{"lemma": "Σεβεγων", "pos": "Np", ＊"src": "H6649", "def": "Tsibon"},
11666	σεμει	{"lemma": "Σεμεΐ", "strong": "4584", "pos": "Np", ＊"src": "H8096", "def": "Shimei"},
11691	σεννααρ	{"lemma": "Σεννααρ", "pos": "Np", ＊"src": "H8152", "def": "Shinar"},
11704	σερεδ	{"lemma": "Σερεδ", "pos": "Np", ＊"src": "H5624", "def": "Sered"},
11706	σερουχ	{"lemma": "Σερούχ", "pos": "Np", ＊"src": "H8286", "def": "Serug", "v": "σαρουχ"},
11733	σηθ	{"lemma": "Σήθ", "strong": "4589", "pos": "Np", ＊"src": "H8352", "def": "Seth"},
11739	σηλωμ	{"lemma": "Σηλωμ", "pos": "Np", ＊"src": "H7956", "def": "Shelah"},
11743	σημ	{"lemma": "Σήμ", "strong": "4590", "pos": "Np", ＊"src": "H8035", "def": "Shem"},
11775	σιδων	{"lemma": "Σιδών", "strong": "4605", "pos": "Np", ＊"src": "H6721", "def": "Sidon", "l": "*sidw/n"},
11781	σικερα	{"lemma": "σίκερα", "strong": "4608", "pos": "N", ＊"src": "H7941", "def": "shekar [a strong fermented alcoholic beverage]", "l": "si/kera"},
11782	σικιμ	{"lemma": "Σικιμ", "pos": "Np", ＊"src": "H7926", "def": "Shekem"},
11785	σικιμος	{"lemma": "Σικιμος", "pos": "Np", ＊"src": "H7927", "def": "a Shekemite"},
11794	σινα	{"lemma": "Σινᾶ", "strong": "4614", "pos": "Np", ＊"src": "H5514", "def": "Sinai"},
11816	σιων	{"lemma": "Σιών", "strong": "4622", "pos": "Np", ＊"src": "H6726", "def": "Zion"},
11920	σοδομα	{"lemma": "Σόδομα", "strong": "4670", "pos": "Np", ＊"src": "H5467", "def": "Sodom"},
11929	σολομων	{"lemma": "Σολομών", "strong": "4672", "pos": "Np", ＊"src": "H8010", "def": "Solomon"},
11932	σομε	{"lemma": "Σομε", "pos": "Np", ＊"src": "H8048", "def": "Shammah"},
11962	σουρ	{"lemma": "Σουρ", "pos": "Np", ＊"src": "H7793", "def": "Shur"},
11975	σουταλααμ	{"lemma": "Σουταλααμ", "pos": "Np", ＊"src": "H7803", "def": "Shuthelah"},
12264	συλλημ	{"lemma": "Συλλημ", "pos": "Np", ＊"src": "H8006", "def": "Shillem"},
12297	συμεων	{"lemma": "Συμεών", "strong": "4826", "pos": "Np", ＊"src": "H8095", "def": "Simeon, Shimei"},
12565	συχεμ	{"lemma": "Συχέμ", "strong": "4966", "pos": "Np", ＊"src": "H7927", "def": "Shechem, Shekem"},
12622	σωβαλ	{"lemma": "Σωβαλ", "pos": "Np", ＊"src": "H7732", "def": "Shobal"},
12660	σωυε	{"lemma": "Σωυε", "pos": "Np", ＊"src": "H7744", "def": "Shuah"},
12661	σωφ	{"lemma": "Σωφ", "pos": "Np", ＊"src": "H8195", "def": "Shepho"},
12665	σωφαρ	{"lemma": "Σωφαρ", "pos": "Np", ＊"src": "H6825", "def": "Tsepho"},
12680	τααμ	{"lemma": "Τααμ", "pos": "Np", ＊"src": "H8465", "def": "Tahan"},
12684	ταβεκ	{"lemma": "Ταβεκ", "pos": "Np", ＊"src": "H2875", "def": "Tebah"},
12915	τοχος	{"lemma": "Τοχος", "pos": "Np", ＊"src": "H8477", "def": "Tahash"},
13028	τυρος	{"lemma": "Τύρος", "strong": "5184", "pos": "Np", ＊"src": "H6865", "def": "Tyre", "l": "*tu/ros"},
13327	φαλδας	{"lemma": "Φαλδας", "pos": "Np", ＊"src": "H6394", "def": "Pildash"},
13329	φαλεκ	{"lemma": "Φάλεκ", "strong": "5317", "pos": "Np", ＊"src": "H6389", "def": "Peleg"},
13336	φαλλους	{"lemma": "Φαλλους", "pos": "Np", ＊"src": "H6396", "def": "Pallu"},
13345	φανουηλ	{"lemma": "Φανουήλ", "strong": "5323", "pos": "Np", ＊"src": "H6439", "def": "Phanuel"},
13360	φαραω	{"lemma": "Φαραώ", "strong": "5328", "pos": "Np", ＊"src": "H6547", "def": "Pharaoh"},
13362	φαρες	{"lemma": "Φαρές", "strong": "5329", "pos": "Np", ＊"src": "H6557", "def": "Perez"},
13422	φερεζαιος	{"lemma": "Φερεζαῖος", "pos": "Np", ＊"src": "H6522", "def": "a Perizzite"},
13456	φικολ	{"lemma": "Φικολ", "pos": "Np", ＊"src": "H6369", "def": "Pikol"},
13513	φινων	{"lemma": "Φινων", "pos": "Np", ＊"src": "H6373", "def": "Pinon"},
13535	φογωρ	{"lemma": "Φογωρ", "pos": "Np", ＊"src": "H6464", "def": "Pau"},
13564	φουα	{"lemma": "Φουα", "pos": "Np", ＊"src": "H6312", "def": "Puah"},
13621	φυλιστιιμ	{"lemma": "Φυλιστιιμ", "pos": "Np", ＊"src": "H6430", "def": "a Philistine"},
13653	χαβραθα	{"lemma": "Χαβραθα", "pos": "Np", ＊"src": "H3530", "def": "Kibrah"},
13708	χανααν	{"lemma": "Χαναάν", "strong": "5477", "pos": "Np", ＊"src": "H3667", "def": "Canaan, Kenaan", "deriv": "χαναναιος"},
13715	χανανιτις	{"lemma": "Χανανῖτις", "pos": "Np", ＊"src": "H3669", "def": "a Kenaanite"},
13742	χαρμι	{"lemma": "Χαρμι", "pos": "Np", ＊"src": "H3756", "def": "Karmi"},
13750	χαρραν	{"lemma": "Χαρράν", "strong": "5488", "pos": "Np", ＊"src": "H2771", "def": "Haran"},
13757	χασαδ	{"lemma": "Χασαδ", "pos": "Np", ＊"src": "H3777", "def": "Kesed"},
13759	χασβι	{"lemma": "Χασβι", "pos": "Np", ＊"src": "H3580", "def": "Kezib"},
13777	χεβρων	{"lemma": "Χεβρων", "pos": "Np", ＊"src": "H2275", "def": "Hebron"},
13830	χερουβ	{"lemma": "χερούβ", "strong": "5502", "pos": "N", ＊"src": "H3742", "def": "cherubim"},
13836	χετ	{"lemma": "Χετ", "pos": "Np", ＊"src": "H2845", "def": "Heth"},
13838	χετταιος	{"lemma": "Χετταῖος", "pos": "Np", ＊"src": "H2850", "def": "Heth, a Hittite"},
13843	χεττουρα	{"lemma": "Χεττουρα", "pos": "Np", ＊"src": "H6989", "def": "Qeturah"},
13887	χοβορ	{"lemma": "Χοβορ", "pos": "Np", ＊"src": "H2268", "def": "Heber"},
13888	χοβωρ	{"lemma": "Χοβωρ", "pos": "Np", ＊"src": "H1071", "def": "Beker"},
13889	χοδδαδ	{"lemma": "Χοδδαδ", "pos": "Np", ＊"src": "H2316", "def": "Hadad"},
13891	χοδολλογομορ	{"lemma": "Χοδολλογομορ", "pos": "Np", ＊"src": "H3540", "def": "Kedorlaomer"},
13918	χορρι	{"lemma": "Χορρι", "pos": "Np", ＊"src": "H2753", "def": "Hori"},
13991	χωβα	{"lemma": "Χωβα", "pos": "Np", ＊"src": "H2327", "def": "Hobah"},
14062	ψονθομφανηχ	{"lemma": "Ψονθομφανηχ", "pos": "Np", ＊"src": "H6847", "def": "Tsaphnath Paneah"},
14084	ωβηδ	{"lemma": "Ὠβήδ", "strong": "5601", "pos": "Np", ＊"src": "H5744", "def": "Obed"},
14109	ωμαν	{"lemma": "Ωμαν", "pos": "Np", ＊"src": "H208", "def": "Onam"},
14110	ωμαρ	{"lemma": "Ωμαρ", "pos": "Np", ＊"src": "H201", "def": "Omar"},
14120	ωνας	{"lemma": "Ωνας", "pos": "Np", ＊"src": "H6034", "def": "Anah"},
14124	ωξ	{"lemma": "Ωξ", "pos": "Np", ＊"src": "H5780", "def": "Uts"},
14147	ως	{"lemma": "Ως", "pos": "Np", ＊"src": "H5780", "def": "Uts"},
14161	ωσηε	{"lemma": "Ὡσηέ", "strong": "5617", "pos": "Np", ＊"src": "H1954", "def": "Hosea"},
