Αβραμιαῖος	
ἀγαυριάω	
ἀγκαλίς	
ἀγκωνίσκος	
ἀγριάνω	
ἀγριομυρίκη	
ἀγρίως	
ἀδελφικῶς	
ἀδεῶς	
ἀδιάπτωτος	
ἀδιάστροφος	
ἀδιάτρεπτος	
ἀδιεξέταστος	
ἀδόλως	
ἀδυναμέω	
ἀδυνάω	
αδων	
αδωρηεμ	
ἀθεσία	
ἀθέσμως	
ἀθέτημα	
ἀθλοθετέω	
αθουκιιν	
αἰγίδιον	
αιδαδ	
ἀϊδιότης	
αἰκίζομαι	
αιλ	
αιλαμ	
αιλαμμω	
αιλευ	
αἱμωδιάω	
αιν	
αἰνιγματιστής	
αἱρετίς	
αἰσθητική	
αἰσχρῶς	
αἰφνιδίως	
ἀκαλύπτως	
ακαν	
ακανα	
ἀκαταμάχητος	
ἀκατάποτος	
ἀκαταστατέω	
ἀκατέργαστος	
ἀκηδία	
ἀκηδιάζω	
ἀκηδιάω	
ἀκηλίδωτος	
ἀκιδωτόν	
ἀκληρέω	
ἀκολούθως	
ἀκοπιάστως	
ἀκόσμως	
ἀκουσιάζω	
ἀκούσιος	
ἀκουσίως	
ἀκουτίζω	
ἀκριβάζω	
ἀκριβασμός	
ἀκρίτως	
ἀκροφύλαξ	
ἀκύματος	
αλαιμωθ	
ἀλάσσω	
ἄλιμον	
ἀλλοεθνής	
ἁλμυρίς	
ἀλογίστως	
αλφ	
αλωθ	
αμαδαρωθ	
ἁμαρία	
αμασενιθ	
ἀμάσητος	
αματταρι	
αμαφεθ	
ἀμβλάκημα	
ἀμείδητος	
ἀμειξία	
ἄμελξις	
ἀμελῶς	
ἀμμανείτης	
ἀμμώδης	
ἀμνησία	
ἀμνησικακία	
ἀμνήστευτος	
ἀμόλυντος	
ἀμορίτη	
ἀμπλακία	
ἀμύγδαλον	
ἄμυνα	
ἀμφίασις	
ἀμφιβολεύς	
ἀμφίταπος	
ἀμφοτεροδέξιος	
ἀναβαθμίς	
ἀναβράζω	
ἀναγνεία	
ἀναγώγως	
ἀναζευγνύω	
ἀναζυγή	
ἀναιδῶς	
ἀναιτίως	
ἀνάκλισις	
ἀνάκλιτον	
ἀνάλημμα	
ἀναλημπτέος	
ἀναλημπτήρ	
ἀναλόγως	
ἀναμφισβητήτως	
ἀνάνευσις	
ἀναντία	
ἀναντλέω	
ἄναξις	
ἀναποδισμός	
ἀναποιέω	
ἀναπτέρωσις	
ἀναστρατοπεδεύω	
ἀνασύρω	
ἀνατίκτω	
ἀνατιναγμός	
ἀνατροφή	
ἀναφάλαντος	
ἀναφαλάντωμα	
ἀναφθάνω	
ἀναφορά	
ἀναφορεύς	
ἀναφράσσω	
ἀνδραγαθαέω	
ἀνδρειόω	
ἀνδρείως	
ἀνδρογύναιος	
ἀνδρολογεῖον	
ἀνδροφονέω	
ἀνδρωδῶς	
ἀνείκαστος	
ἀνεκλιπής	
ἀνελεημόνως	
ἀνελπίστως	
ἀνεξικακία	
ἀνεπιστρέπτως	
ἀνέτλην	
ἀνέφικτος	
ἀνήλατος	
ἀνθομολόγησις	
ἀνθράκινος	
ἀνθυφαιρέω	
ἀνίπταμαι	
ἀνομβρέω	
ἀνόμημα	
ἀνοσίως	
ἄνους	
ἀντάμειψις	
ἀντανακλάω	
ἀνταποθνήσκω	
ἀνταπόκρισις	
ἀνταποστέλλω	
ἀνταποτίνω	
ἀντιδοκέω	
ἀντίζηλος	
ἀντίθετος	
ἀντικρίνω	
ἀντιλήπτωρ	
ἀντίον	
ἀντίοχος	
ἀντιπαραγωγή	
ἀντίπτωμα	
ἀντίρρησις	
ἀντιρρητορεύω	
ἀντιστήριγμα	
ἀντιστηρίζω	
ἀντίψυχος	
ἀνυπερθέτως	
ἀνυπόδετος	
ἀνυπομόνητος	
ἀπαδικέω	
ἀπαμαυρόω	
ἀπάνωθεν	
ἀπαραλλάκτως	
ἀπαραπόδιστος	
ἀπαρασήμαντος	
ἄπαρσις	
ἀπαρτία	
ἀπάρχω	
ἀπασπάζομαι	
ἀπάτησις	
ἀπείκασμα	
ἀπεκδίδωμι	
ἀπέκτασις	
ἀπελέκητος	
ἀπενεόομαι	
ἀπερικάθαρτος	
ἀπευθανατίζω	
ἀπεχθῶς	
ἄπιος	
ἀπληστεύομαι	
ἁπλοσύνη	
ἀπόβλημα	
ἀπογινώσκω	
ἀποδεκατίζω	
ἀποδεσμεύω	
ἀποδέω	
ἀποδιαστέλλω	
ἀπόδομα	
ἀποδοχεῖον	
ἀποικεσία	
ἀποκαθαρίζω	
ἀποκακέω	
ἀποκάλυμμα	
ἀποκενόω	
ἀποκεντέω	
ἀποκέντησις	
ἀποκιδαρόω	
ἀπόκλεισμα	
ἀποκρυβή	
ἀποκρυφή	
ἀποκωφόομαι	
ἀπολεπίζω	
ἀπολιθόω	
ἀπόλλω	
ἀπόλοιπος	
ἀπομαρτυρέω	
ἀπομέμφομαι	
ἀπόμοιρα	
ἀποξαίνω	
ἀποπαρθενεύομαι	
ἀποπιέζω	
ἀποπλάνησις	
ἀποποιέω	
ἀποπομπαῖος	
ἀποπρατίζομαι	
ἀπόπτωμα	
ἀποργίζομαι	
ἀπορρήσσω	
ἀπόρροια	
ἀποσκαρίξω	
ἀποσκληρύνω	
ἀποσκοπεύω	
ἀποσκορακισμός	
ἀποστάτις	
ἀποστρεβαλόομαι	
ἀποσυνάγω	
ἀποσφενδονάω	
ἀποσφράγισμα	
ἀποτηγανίζω	
ἀποτίκτω	
ἀποτίναγμα	
ἀποτροπιάζω	
ἀποτρυγάω	
ἀποτυφλόω	
ἀποφράσσω	
ἀπρονοήτως	
ἀπρόπτωτος	
ἀπροσδοκήτως	
ἀπτόητος	
ἀπωσμός	
αρααβ	
ἀργυροκοπέω	
ἀργυρολόγητος	
ἀργυροχόος	
ἀργύρωμα	
ἀρδαλόω	
ἀρέσω	
ἀρεταλογία	
ἀρθρέμβολον	
αριηλ	
ἀριστέω	
αριωθ	
ἀρκεύθινος	
ἄρκευθος	
ἀρκτοῦρος	
ἁρμόνιος	
ἀροτρόπους	
ἅρπαγμα	
ἀρρενωδῶς	
ἄρριζος	
ἀρτήρ	
ἀρτίως	
ἀρτοκοπικός	
ἀρχιεράομαι	
ἀρχιερατεύω	
ἀρχιευνοῦχος	
ἀρχιπατριώτης	
ἀρχισωματοφύλαξ	
ἀρχιτεκτονία	
ἀρχίφυλος	
ασαραμελ	
ασαρημωθ	
ἀσβόλη	
ασελισι	
ἄσηπτος	
ασηρωθ	
ἀσθενόψυχος	
ἄσθμα	
ἀσίδα	
Ασιδαῖος	
ἀσιτί	
ἀσκοπυτίνη	
ἀσπάλαξ	
ἀσπιδίσκη	
ἄστεγος	
ἀστείως	
ἄστεκτος	
ἀστρολόγος	
ἀσυνθετέω	
ἀσυρής	
ἀσφαλτόπισσα	
ἀταραξία	
ἀτάραχος	
ἀτελεία	
ἄτρυγος	
ἀττάκης	
ἀττέλεβος	
αὔγασμα	
αὔγω	
αὐθαιρέτως	
αὐθεντία	
αὐθημερινός	
αὐθημερόν	
αὐθωρί	
αὐλάρχης	
αὐλαρχία	
αὐστηρία	
αὐταρκέω	
αὐτοδέσποτος	
αὐτοσχεδίως	
ἀφαίρεμα	
ἄφεδρος	
ἀφειδῶς	
ἄφεμα	
ἀφεύκτως	
ἀφθόνως	
ἀφόδευμα	
ἀφοδεύω	
ἀφόμοιος	
ἀφόρισμα	
ἀφορισμός	
ἀφορολόγητος	
ἀφρονεύομαι	
ἀφυλάκτως	
ἀφυστερέω	
αφφουσωθ	
αφφω	
ἀχαρίστως	
ἀχάτης	
αχουχ	
ἀχρειότης	
ἄωρος	
βααλταμ	
βαδδιν	
βαθύφωνον	
βαθύχειλος	
βαΐνη	
βακχούριον	
βαμα	
βαρ	
βαρακηνιμ	
βαρβαρόω	
βαρβάρως	
βαρκοννιμ	
βαρύγλωσσος	
βαρυκάρδιος	
βαρυτέρως	
βαρχαβωθ	
βασανιστήριον	
βασιλίσκος	
βδελυγμός	
βεβαίως	
βεβήλωσις	
βεδεκ	
βεθ	
βελόστασις	
βενιαμιν	
βερσεχθαν	
βηθ	
βηρύλλιον	
βιαίως	
βιβλιαφόρος	
βιβλιοθήκη	
βιβλιοφυλάκιον	
βιότης	
βιρα	
βλαστάω	
βοήθημα	
βόλβιτον	
βόμβησις	
βοοζύγιον	
βοτρύδιον	
βούβαλος	
βούκεντρον	
βουλόλιον	
βραγχιάω	
βραδέως	
βραδύγλωσσος	
βραχέως	
βραχυτελής	
βυθοτρεφής	
γαβης	
γαβιν	
γαβις	
γαζαρηνός	
γαι	
γαῖσος	
γαλακτοποτέω	
γαλακτοτροφία	
γαλεάγρα	
γαλῆ	
γαρεμ	
γασβαρηνός	
γαυριόω	
γαυρόω	
γεδδουρ	
γεδωρ	
γεῖσος	
γειώρας	
γελοιασμός	
γελοιαστής	
γελοῖος	
γενεσιάρχης	
γενεσιουργός	
γενέτις	
γενικός	
γενναίως	
γεῦσις	
γηροβόσκω	
γιμαλ	
γλυκάζω	
γλύκασμα	
γλυκερός	
γλύμμα	
γλυφή	
γλωσσότμητος	
γλωσσοτομέω	
γλωσσοχαριτόω	
γλωσσώδης	
γνοφερός	
γνοφόω	
γνοφώδης	
γνωριστής	
γνωστῶς	
γόγγυσις	
γομορ	
γομφιάζω	
γομφιασμός	
γονορρυής	
γραμματοεισαγωγεύς	
γραπτόν	
γραφεῖον	
γρηγόρησις	
γυναικών	
γύναιον	
γυρόω	
γωλαθ	
γωληλα	
γωνιαῖος	
δαβιρ	
δᾳδουχία	
δασέως	
δάσος	
δαψιλεύω	
δεβραθα	
δειλανδρέω	
δειλιαίνω	
δειλόομαι	
δειλόψυχος	
δεινάζω	
δεκαμηνιαῖος	
δεκαπλασιάζω	
δεκαπλασίων	
δεκαπλασίως	
δεκάχορδος	
δελθ	
δένδρος	
δεξιάζω	
δέσις	
δεσποτεύω	
δευτέριον	
δευτερολογέω	
δευτερονόμιον	
δευτέρωσις	
δηλαϊστός	
διάβημα	
διαβουλία	
διάγγελμα	
διάζομαι	
διαιτέω	
διακαθιζάνω	
διακάμπτω	
διακατέχω	
διακολυμβάω	
διακυβερνάω	
διάλημψις	
διαλιμπάνω	
διαλογή	
διαλοιδόρησις	
διαμασάομαι	
διαμελίζω	
διαμέτρησις	
διανήθω	
διανίστημι	
διανόησις	
διαξαίνω	
διαπαρατηρέομαι	
διαπειράζω	
διαπετάννυμι	
διάπρασις	
διαπρίζω	
διάπτωσις	
διαρραίνω	
διαρρυθμίζω	
διαρτίζω	
διασκευή	
διασκορπισμός	
δίασμα	
διασπασμός	
διάσταλσις	
διαστράπτω	
διαστρώννυμι	
διασυρίζω	
διασφαγή	
διατήρησις	
διατίλλω	
διατόνιον	
διαφόρημα	
διαφόρως	
διαφώσκω	
διαχρίω	
διγομία	
διδυμεύω	
διεκβάλλω	
διεκκύπτω	
διεμβάλλω	
διεμπίμπλημι	
διεξοδεύω	
διερεθίζω	
δίεσις	
διεστραμμένως	
διετηρίς	
διηλόω	
διηνεκῶς	
δίθυμος	
δικαιοκρίτης	
δικαιολογία	
δικτυόω	
δικτυωτός	
διμερής	
δίμετρον	
δίμετρος	
διοικητής	
διόλου	
διοργίζομαι	
διπλασιασμός	
δισσῶς	
δισχίλιος	
διτάλαντον	
διχηλέω	
διψώδης	
διωστήρ	
διώχω	
δόκωσις	
δολιότης	
δολίως	
δόξαστος	
δοξικός	
δοξολογέω	
δορατοφόρος	
δορκάδιον	
δόρκων	
δοτός	
δράκος	
δράξ	
δυνάστευμα	
δυνατῶς	
δύνομαι	
δυσαίακτος	
δυσάληκτος	
δυσδιήγητος	
δυσημερία	
δυσμενῶς	
δυσπέτημα	
δυσσέβημα	
δυσφόρως	
δωδεκάμηνον	
δωροδέκτης	
δωροκοπέω	
δωρολήμπτης	
ἔαρσις	
ἐβδελύσσω	
ἐγγαστρίμυθος	
ἔγγιστα	
ἔγγραπτος	
ἐγκαινίοις	
ἐγκαινισμός	
ἐγκαίνωσις	
ἐγκατάλειιμα	
ἐγκατάλειμμα	
ἐγκαταλιμπάνω	
ἐγκαταπαίζω	
ἔγκατον	
ἐγκαυχάομαι	
ἐγκηδεύομαι	
ἐγκλοιόω	
ἐγκοίλιος	
ἐγκότημα	
ἐγκρατέω	
ἐγκρίς	
ἔγκτητος	
ἐγκυλίω	
ἐγκώμιον	
ἐγκώμιονς	
ἐγχειρίδιον	
ἐθελοκωφόω	
ἐθνηδόν	
ἐθνοπάτωρ	
ἐθνοπλήθης	
εἰδέχθεια	
εἴδησις	
εἰδώλιον	
εἱλέω	
εἵλκω	
εἴργω	
εἰρηνικῶς	
εἰσκύπτω	
εἰσοδιάζω	
εἰσόδιον	
ἐκβεβηλόω	
ἐκβρασμός	
ἐκγεννάω	
ἐκδανείζω	
ἐκδεκτέον	
ἐκδιαιτάω	
ἐκδικητής	
ἐκελεκτός	
ἐκζητητής	
ἐκθαυμάζω	
ἔκθεμα	
ἐκθηλάζω	
ἐκκαθαρίζω	
ἐκκήρυκτος	
ἐκκόλαμμα	
ἔκλαμπρος	
ἔκλαμψις	
ἐκλατομέω	
ἐκλείχω	
ἔκλευκος	
ἐκλικμάω	
ἐκλιμία	
ἐκλογιστή	
ἐκλογιστής	
ἐκλογιστία	
ἐκλοχίζω	
ἐκλυτρόομαι	
ἕκλω	
ἐκμελίζω	
ἐκμιαίνω	
ἐκμυελίζω	
ἔκνηψις	
ἑκουσιάζομαι	
ἑκουσιασμός	
ἐκπαίζω	
ἐκπεριπορεύομαι	
ἐκπιέζω	
ἐκπικραίνομαι	
ἐκπολιτεύω	
ἔκρηγμα	
ἐκριζωτής	
ἐκριπτέω	
ἔκρυσις	
ἐκσαρκίζομαι	
ἐκσιφωνίζω	
ἐκσπερματίζω	
ἐκσπονδυλίζω	
ἐκσυρίζω	
ἐκσύρω	
ἐκτενία	
ἐκτίκτω	
ἐκτιναγμός	
ἐκτοκίζω	
ἐκτριβή	
ἐκτρυγάω	
ἐκτύπωμα	
ἐκτύπωσις	
ἐκυρεύω	
ἐκφυγή	
ἐκφύρω	
ἐκχολάω	
ἔκχυσις	
ἐκχωρίζω	
ἐλαίαν	
ἐλαιολογέω	
ἔλαμψαν	
ἐλασσονόω	
ἐλάσσω	
ἐλατός	
ἐλάττωσις	
ἐλεάω	
ἐλεημοποιός	
ἑλεόπολις	
ἐλευστέον	
ἐλέφαντα	
ἐλέφαντας	
ἐλέφαντι	
ἐλεφάντων	
ἑλληνικός	
ελλουλιμ	
ελμωνι	
ελωαι	
ἐμάκρυναν	
ἐμβίωσις	
ἐμβρίμημα	
ἐμεγαλύνθω	
ἐμμολύνω	
ἐμπαραγίνομαι	
ἐμπείρω	
ἐμπλατύνω	
ἐμπληθύνομαι	
ἐμπλόκιον	
ἐμπνέος	
ἔμπνευσις	
ἐμποδιστικός	
ἐμποδοστατέω	
ἐμποδοστάτης	
ἐμπονέω	
ἐμπορπόομαι	
ἐμπρόσθιον	
ἐμπυρίζω	
ἐμπυρισμός	
ἐμπυριστής	
ἐμφανισμός	
ἐμφανῶς	
ἔμφασις	
ἐμφραγμός	
ἐναγκάλισμα	
ἐναθλέω	
ἐναλλαγή	
ἐναντιόω	
ἐναπερείδω	
ἐναποσφραγίζω	
ἐνάρετος	
ἐνατενίξω	
ἐνδείκτης	
ἐνδελεχέω	
ἐνδελεχίζω	
ἐνδελεχισμός	
ἐνδελεχῶς	
ἔνδεσμος	
ἐνδέω	
ἐνδογενής	
ἐνδόξως	
ἐνδόσθια	
ἐνδόσθιον	
ἐνεξουσιάζω	
ἐνεχυράσαι	
ἐνεχύρασμα	
ἐνήδρευσαν	
ἐνῆλιξ	
ἔνθεμα	
ἐνθέμιον	
ἐνθρονίζω	
ἐνθρύπτω	
ἐνθυμίου	
ἐννεακαιδέκατος	
ἐννέμω	
ἔννευμα	
ἐννόημα	
ἐννόμως	
ἐννοσσοποιέομαι	
ἐνοικειόω	
ἐνοπλίζω	
ἐνόρκιος	
ἐνόρκως	
ἐνσιτέομαι	
ἐνσκολιευόμαι	
ἐντίμως	
ἐντιναγμός	
ἐντινάσσω	
ἐντομίς	
ἐντρεχής	
ἔντριτος	
ἐντρύφημα	
ἐντυχία	
ἐνυποτάσσω	
ἔνυστρον	
ενφωθ	
ἐξαγορία	
ἐξάδελφος	
ἔξαιμος	
ἐξαίσος	
ἐξακονάω	
ἐξακριβάζω	
ἐξαλάομαι	
ἐξάλειψις	
ἐξαλλοιόω	
ἔξαλλος	
ἐξαλλοτριόω	
ἐξαποστολή	
ἔξαρθρος	
ἐξαρθρόω	
ἔξαρσις	
ἐξασθενέω	
ἐξατιμόομαι	
ἐξέγερσις	
ἐξεικονίζω	
ἐξειλέω	
ἐξεκκλησιάζω	
ἐξέλευσίς	
ἐξερεύνησις	
ἐξηγορία	
ἑξηκονταετής	
ἐξηλιάζω	
ἐξίλασις	
ἐξίλασμα	
ἐξιλασμός	
ἐξίπταμαι	
ἐξισάζω	
ἐξιχνιάζω	
ἐξιχνιασμός	
ἐξοδεύω	
ἐξοδιάζω	
ἐξόδιον	
ἔξοικος	
ἐξοκή	
ἐξολέθρευμα	
ἐξολέθρευσις	
ἐξομβρέω	
ἐξοπλησία	
ἐξουδένημα	
ἐξουδένωμα	
ἐξουδένωσις	
ἐξουθενόω	
ἐξόχως	
ἐξυμνέω	
ἐξυπνόω	
ἐξυψόω	
ἔξωσμα	
ἑόρτασμα	
ἐπᾴδω	
ἐπαινεστός	
ἐπαίτησις	
ἐπαΐω	
ἐπακουστός	
ἐπακρόασις	
ἐπαλγής	
ἐπανακαινίζω	
ἐπαναστάσις	
ἐπανατρυγάω	
ἐπανδρόω	
ἐπάνωθε	
ἐπαξονέω	
ἐπαοιδή	
ἐπαοιδός	
ἐπαποστέλλω	
ἔπαρμα	
ἐπαρυστήρ	
ἐπαρυστρίδας	
ἐπασθμαίνω	
ἐπαύξω	
ἔπειμι	
ἐπεκχέω	
ἐπευθυμέω	
ἐπευκτή	
ἐπευκτός	
ἐπήλυτος	
ἐπηρμένων	
ἐπιβόλαιον	
ἐπιβρέχω	
ἐπιγεμίζω	
ἐπιγνωμοσύνη	
ἐπίγνωστος	
ἐπιδέξιον	
ἐπιδέω	
ἐπιδιπλόω	
ἐπιδόξως	
ἐπιεικεύομαι	
ἐπιεικέως	
ἐπιεικῶς	
ἐπιζήμιον	
ἐπίθεμα	
ἐπιθεωρέω	
ἐπιθυμητά	
ἐπιθυμητή	
ἐπιθύω	
ἐπικαινίζω	
ἐπικαρπολογέομαι	
ἐπικαταράομαι	
ἐπικερδής	
ἐπικινέω	
ἐπικοπή	
ἐπικουφίζομαι	
ἐπικραταιόω	
ἐπικυλινδέω	
ἐπίκυφος	
ἐπιληπτεύομαι	
ἐπίμικτος	
ἐπίμοχθος	
ἐπιμυλίον	
ἐπιμύλιος	
ἐπινεφής	
ἐπιπαραγίνομαι	
ἐπίπεμπτος	
ἐπιπολαίως	
ἐπιρραντίζω	
ἐπιρριπτέω	
ἐπιρρωγολογέομαι	
ἐπισκεπάζω	
ἔπισος	
ἐπίσπαστρον	
ἐπισπλαγχνίζομαι	
ἐπισπουδαστής	
ἐπιστήριγμα	
ἐπιστοιβάζω	
ἐπιστοποιέω	
ἐπιστράτηγος	
ἐπιστρατοπεδεύω	
ἐπισυνέχω	
ἐπισυνίστημι	
ἐπισυστρέφω	
ἐπισφάλλω	
ἐπισφαλῶς	
ἐπιτάφιον	
ἐπιτυχία	
Ἐπιφανής	
ἐπιφυλλίζω	
ἐπίχυσις	
ἐπιχώρησις	
ἐπιψάλλω	
ἐπιψοφέω	
ἐπόζω	
ἐποίκιον	
ἕπομαι	
ἐποξύνω	
ἐποργίζομαι	
ἑπτάκι	
ἑπτακισχίλιος	
ἑπταμήτωρ	
ἑπταπλάσιος	
ἑπταπλασίων	
ἑπταπλασίως	
ἔπτυσμα	
ἐπώπιον	
ἐράω	
εργαβ	
ἐργάζο	
ἐργασίμη	
ἐργατεία	
ἐργατεύομαι	
ἐργέω	
ἐργοδιωκτέω	
ἐργοδιωκτής	
ἐργολάβεια	
ἐρέα	
ἐρεθισμός	
ἐρεθιστὴς	
ἐρειδόμενος	
ἐρεικτός	
ἐρεοῦς	
ἐρεύσομαι	
ἔρημα	
ἐρημικός	
ἐρημίτης	
ἔροψ	
ἐρυθαίνω	
ἐρυθροδανόω	
ἑρῶ	
ἐρωδιός	
εσεφιν	
ἐστέρημαι	
ἑστιατορία	
ἐσχαρίτης	
ἐσχατίζω	
ἐσχατογήρος	
ἐσχατόγηρως	
ἔτασις	
ἑτεροκλινῶς	
εὐαγγελία	
εὐαπάντητος	
εὐγενίζω	
εὐγενῶς	
εὐδράνεια	
εὐεκτέω	
εὐεργετικός	
εὐήκοος	
εὐήχης	
εὐήχος	
εὐθαλέω	
εὐθαλής	
εὐθαρσῶς	
εὐθής	
εὐθίκτως	
εὔθραστος	
εὐιλατεύω	
εὐΐλατος	
εὐκατάλλακτος	
εὐκληματέω	
εὐκοπία	
εὐκοσμέω	
εὐλαβῶς	
εὐλογιστία	
εὐμαθῶς	
εὐμενῶς	
εὐόδως	
εὔοπτος	
εὐπείθεια	
εὐπειθέω	
εὐπρεπῶς	
εὕρεμα	
εὑρίσκε	
εὐρώστως	
εὐρωτία	
εὐσήμως	
εὐστόχως	
εὐστροφία	
εὐσυναλλάκτως	
εὐτάκτως	
εὐτελῶς	
εὔτηκτος	
εὐτονία	
εὔφθαρτος	
εὐχερῶς	
εὐχρηστία	
εὐψύχως	
ἐφαδανώ	
ἐφαμαρτάνω	
ἐφέτιος	
ἐφηβεῖον	
ἐφήβος	
ἔφηλος	
ἔφοδος	
εφουδ	
εφραθ	
ἐφύβριστος	
εφωδ	
εφωθ	
ἐχθρεύω	
ἐχομένως	
ἑωσφόρος	
ζαι	
ζακχω	
ζέα	
ζεμα	
ζευγίζω	
ζιβύνη	
ζνλόω	
ζῦθος	
ζυμοῦσθαι	
ζυμωτός	
ζωγρεία	
ζωγρίας	
ζωόω	
ζῶσις	
ἡγεμονίδης	
ἥγησις	
ἡδυσμός	
ηδω	
ηθ	
ἠθολογέω	
ἠλέκτρον	
ἡμερόομαι	
ἡμίθνητος	
ἡμίσευμα	
ἡμισεύω	
ἡνία	
ἡπατοσκοπέω	
ἠπιότης	
ἠρεμάζω	
ἠρεμάζων	
ἡσυχῇ	
ἡψήθη	
θααλα	
θαιηλαθα	
θαλπιωθ	
θαμβέομαι	
θανατώσις	
θαννουριμ	
θαραφιν	
θαρραλέως	
θαρσις	
θαυ	
θαυμαστόω	
θαυμαστῶς	
θεε	
θεεβουλαθωθ	
θείμ	
θεκελ	
θέλης	
θελητής	
θελητός	
θέμα	
θεμελίωσις	
θεννουριμ	
θεόκτιστος	
θεοτόκος	
θεραπαίνης	
θεραφιν	
θεραφις	
θερμαστρίς	
θεωρητός	
θηλάω	
θηλυκός	
θηλυμανής	
θημονία	
θημωνία	
θηρεύσω	
θηριόομαι	
θηριωδῶς	
θησαυροφύλαξ	
θῖβις	
θιμωνιά	
θῖνας	
θλαδίας	
θλάσμα	
θλιμμός	
θνησιμαῖος	
θοῖνα	
θραελ	
θραυσμός	
θρεπτή	
θρηνηέω	
θρονίζω	
θροῦς	
θρύλημα	
θυαμαστόω	
θυγατράσιν	
θυΐσκη	
θυμήρης	
θυμιάζω	
θυμιόω	
θύρωμα	
θυσίασμα	
θωδαθα	
θωρακισμός	
ιααρ	
Ιαβιν	
ιακανα	
ιαμιβιν	
ιαμιν	
ἰατής	
ἴβης	
ιγλααμ	
ἰδιόγραφος	
ἰδιοποιέω	
ἱερατεύς	
ἱερεία	
ἱερόδουλος	
ἱεροστάτης	
ἱεροσύλημα	
ἱεροψάλτης	
ἱερόψυχος	
ἱέρωμα	
ἱκανῶς	
ἴκτερος	
ἰκτίν	
ἱλαρόω	
ἱλαρύνω	
ἱλαρῶς	
ἱλατεύω	
ἱμάντωσις	
ἱματιοφύλαξ	
ιν	
ἰόομαι	
Ἰουδαϊστί	
ἱππάζω	
ἵππαρχης	
ιρ	
ισανα	
ἰσαστέρος	
ἰσηγορέομαι	
ἴσνος	
ἰσοδυναμέω	
ἰσοδύναμος	
ἰσονομέω	
ἰσοπολίτης	
ἰσοπολῖτις	
ισραηλ	
ἰσχυρόω	
ἰσχυρῶς	
ἰταβύριον	
ἰταμία	
ιωθ	
Ιωναθαν	
κάβος	
καδημιμ	
καδησιμ	
κάδιον	
καθαγιάζω	
καθάρσιον	
κάθεμα	
καθίγω	
καθίομαι	
καθίπταμαι	
κάθισις	
καθόρμιον	
καθυμνέω	
καθυφαίνω	
καθωπλικώς	
καΐἐκεῖνος	
καϊἐμός	
κακαλογέω	
κακόμοχθος	
κακοποίησις	
κακοτεχνάομαι	
κακοφροσύνη	
καλαβώτης	
καλαμάομαι	
καλλιόω	
κάλλυνθρον	
κάλπη	
καλυπτήρ	
κάλυψις	
καλώς	
καμηλοπάρδαλις	
καμιναία	
κανθός	
καρασιμ	
καρδιόω	
καρόω	
καρπάσινος	
καρπίζομαι	
καρπόβρωτός	
καρποφόρον	
κάρπωμα	
καρπωτόν	
κάρταλλος	
καρτεροψυχία	
καρτερῶς	
καρύα	
καρυΐνη	
καρυίσκος	
καρυωτός	
καταβάσιος	
κατάβρωμα	
καταγηράω	
καταγίνομαι	
καταγογγύζω	
καταδαμάζω	
καταδεσμεύω	
καταδέσμους	
καταδολεσχέω	
καταδύσις	
καταθλάω	
καταιγίς	
κατακάλυμμα	
κατάκαρπος	
κατακάρπωσις	
κατάκαυμα	
κατακεντέω	
κατάκλειστος	
κατάκλιτον	
κατακοπή	
κατάκοπος	
κατακροτέω	
κατακρούω	
καταλεαίνω	
καταλείφω	
καταλιθοβολέω	
κατάλιθος	
καταλοχία	
καταλύτης	
καταμερισμός	
καταμεστόω	
καταμήνιος	
καταμιμνῄσκομαι	
κατανίσταμαι	
κατανοήσις	
κατάντημα	
κατανωτίζομαι	
κατάξηρος	
καταξύω	
καταπάλτης	
καταπανουργεύομαι	
καταπάτημα	
καταπάτησις	
καταπειράζω	
καταπελματόομαι	
κατάπικρος	
καταπληγμός	
κατάπλους	
καταποντισμός	
καταπορεύομαι	
καταπραΰνω	
καταπρονομεύω	
κατάπτωμα	
κατάπτωσις	
κατάρασις	
καταράω	
καταρομβεύω	
καταρράσσω	
κατασκεδάζω	
κατασκέπτομαι	
κατασμικρύνω	
κατάστεμα	
καταστενάζω	
καταστηρίζω	
καταστραγγίζω	
κατασφαλίζομαι	
κατατέρπω	
κατατίλλω	
κατατολμάω	
κατατρυφάω	
καταφθάνω	
καταφλογίζω	
κατάφοβοι	
καταφορά	
καταφύτευσις	
κατάχρεος	
καταχρίω	
καταχρύσεα	
κατάχυσις	
καταψευσμός	
κατεγχειρέω	
κατεμβλέπω	
κατεναντίος	
κατεντευκτής	
κατεπίθυμος	
κατεπικύπτω	
κατεργασία	
κάτεργον	
κατευθικτέω	
κατοδυνάω	
κατοικεσία	
κατόπισθε	
κατοπίσω	
κατοχεύω	
κατόχιμος	
κατώδυνος	
κατωτάτω	
καυστικός	
καφουρη	
καψάκης	
κεκρυμμένως	
κενοδοξέω	
κεπφόομαι	
κεραννύω	
κέρασμα	
κερατίζω	
κερατίνη	
κερατιστής	
κέρκωψ	
κεφφουρε	
κεφφουρῆς	
κηλιδόομαι	
κηρογονία	
κινύρα	
κισσόφυλλον	
κιχράω	
κλαυθμών	
κλεψιμαῖος	
κληδονίζω	
κληδονισμός	
κληροδοσία	
κληροδοτέω	
κληρωτί	
κλῶσμα	
κλωστός	
κνήφη	
κοθωνος	
κοίλασμα	
κοιλοσταθμέω	
κοιλότης	
κοινολογία	
κοινῶς	
κοιτάζομαι	
κοιτασία	
κολαβρίζομαι	
κολεός	
κόλλη	
κολλυρίζω	
κολλυρίς	
κολοβόκερκος	
κολοβόριν	
κονδυλισμός	
κονίαμα	
κονύζα	
κοπανίζω	
κοπιάζω	
κοπόω	
κόπωσις	
κοσμοπληθής	
κοσμοποιΐα	
κοσμοφορέω	
κόσυμβος	
κοσυμβωτός	
κουρέω	
κούφως	
κόχλαξ	
κρᾶμα	
κραταιότης	
κραταίωμα	
κραταιῶς	
κραταίωσις	
κράτησις	
κρημνίζω	
κρίπτω	
κροσός	
κροσσωτός	
κρουνηδόν	
κρυβῇ	
κρυπτῶς	
κρυσταλλοειδής	
κρυφαίως	
κρύφος	
κτηνώδης	
κύθρα	
κυθρόπους	
κύκλωμα	
κυλίζω	
κυλικεῖον	
κυλίκιον	
κυμάτιον	
κυμβαλίζω	
κυοφορία	
κυπρίζω	
κυπρισμός	
κύπρος	
κυριεία	
κύφω	
κωθωνίζομαι	
κωθωνίζω	
κωλέα	
κωνώπιον	
κωφ	
κωφάω	
κωφεύω	
λαβδ	
λαβίς	
λάγανον	
λαθραίως	
λακωνικός	
λαλητός	
λαμπήνη	
λαμπηνικός	
λάμψις	
λαξευτήριον	
λαογραφία	
λαπιστής	
λατόμητος	
λατρευτός	
λαφυρεύω	
λάφυρον	
λαχανεία	
λειποτακτέω	
λειτουργήσιμος	
λεοντηδόν	
λεπράω	
λεπρόω	
λευείτης	
λευκαθίζω	
λευκανίζω	
λευκότης	
λευκώμασις	
λεχώς	
λεωπετρία	
λιβανόω	
λιγύριον	
λιθοβόλον	
λιθουργικός	
λιθούργος	
λικμήτωρ	
λικμίζω	
λιμαγχονέω	
λινοκαλάμη	
λινοῦς	
λίπασμα	
λιποθυμέω	
λιτανεία	
λιτός	
λοιδόρησις	
λοιμεύομαι	
λοιμότης	
λουτήρ	
λυσιτέλεια	
λυτρών	
μαγείρισσα	
μαγίς	
μαδαρόω	
Μαδβαρῖτις	
Μαδιανῖτις	
μαελεθ	
μάζα	
μαζουρωθ	
μακαρίως	
μακροβίωσις	
μακροημέρευσις	
μακροημερεύω	
μακροήμερος	
μακρότερον	
μακροτονέω	
μακροχρονίζω	
μάκρυμμα	
μάλαγμα	
μαλακίζω	
μαλακοψυχάζω	
μαλακύνω	
μαλακῶς	
μαν	
μαναα	
μανααν	
μανδύας	
μανη	
Μαρδοχαϊκός	
μαρσίππιον	
μαρυκάομαι	
μασανα	
μασενα	
μασμαρωθ	
μασομελ	
ματαιόφρων	
ματαίως	
μαχιρ	
μαχμα	
μαωζιν	
μεγαλοδόξως	
μεγαλοκράτωρ	
μεγαλομερής	
μεγαλομερῶς	
μεγαλοπρεπῶς	
μεγαλορημονέω	
μεγαλορρημονέω	
μεγαλορρημοσύνη	
μεγαλορρήμων	
μεγαλόσαρκος	
μεγαλοσύνη	
μεγαλοψύχως	
μεγάλωμα	
μεθαχαβιν	
μέθυσμα	
μεθωεσιμ	
μεῖγμα	
μελαθρόω	
μελάνθιον	
μελανόομαι	
μελισσών	
μελον	
μέντοιγε	
μεριδάρχη	
μεριδαρχία	
μεριτεύω	
μεσάζω	
μέσακλον	
μεσθααλ	
μεσόγειος	
μεσοπόρφυρος	
μεσσαβ	
μεστόομαι	
μεταβηχας	
μεταβολία	
μεταβόλος	
μεταγενής	
μεταγίνομαι	
μετακιρνάω	
μεταναστεύω	
μεταχέω	
μεχωνωθ	
μηθέτερος	
μημ	
μηνίαμα	
μηνιάω	
μηρίον	
μηρυκάομαι	
μηρυκισμός	
μησανεύομαι	
μίανσις	
μιαροφαγέω	
μιαροφαγία	
μικρύνω	
μικρῶς	
μισάρετος	
μίσγω	
μισθέω	
μισοξενία	
μισοπονηρέω	
μισοπονηρία	
μίσυβρις	
μνηστεύομαι	
μογίλαλος	
μοιχάομαι	
μολόχη	
μόλυνσις	
μονάζω	
μονιός	
μονόζωνος	
μόνορχις	
μονοφαγία	
μόρον	
μοσφαθαιμ	
μόσχευμα	
μοτόω	
μυαλόω	
μυγάλη	
μυέομαι	
μυκτηρισμός	
μύλν	
μύλωνος	
μυρεψικός	
μυριοπλασίως	
μυριότης	
μυρισμός	
μυρμηκιάω	
μυρμηκολέων	
μυροβραχής	
μυσερός	
μυστικῶς	
μωκάομαι	
μωκός	
μωρεύω	
νάβλα	
ναζιρ	
ναζιραῖος	
ναθιναῖοι	
ναθινιμ	
ναθινιν	
ναίω	
νακκαριμ	
νασιβ	
νασιφ	
νάφθα	
ναχαλ	
νεβελ	
νεελασα	
νεεσσαραν	
νεζερ	
νεοττός	
νεσσα	
νεφθαι	
νεφθαρ	
νεχωθα	
νέωμα	
νηπιοκτόνος	
νηστός	
νοητῶς	
νόθως	
νομιστέον	
νομοθέσμως	
νοσσοποιέω	
νουν	
νύμφευσις	
νύσταγμα	
νυσταγμός	
νωθροκάρδιος	
νωθρότης	
νωκηδ	
ξένιον	
ξηρασία	
ξυλάριον	
ξυλοφορία	
ξύρησις	
ξυστός	
οἰκετική	
οἰκτίρημα	
οἰνοποτέω	
οἰνοφλυγέω	
οἰστρηλασία	
οἰωνίζω	
οἰωνόβρωτος	
ὀκνηρία	
ὀκτακισχιλίος	
ὀκτάπηχυς	
ὀλεθρία	
ὀλεθροφόρος	
ὀλιγόβιος	
ὀλιγοποιέω	
ὀλιγοψυχία	
ὀλιγώρησις	
ὀλισθαίνω	
ὀλίσθημα	
ὀλίσθρημα	
ὁλκεῖον	
ὁλοκαρπόομαι	
ὁλοκάρπωμα	
ὁλόκαυτος	
ὁλοκαύτωσις	
ὁλορριζί	
ὁλόρριζος	
ὁλοσχερῶς	
ὀλυρίτης	
ὁμαλισμός	
ὄμβρημα	
ὁμοέθνος	
ὁμοζηλία	
ὁμολόγως	
ὁμόψυχος	
ὀμφακίζω	
ὀνοκένταυρος	
ὀνομασία	
ὀνοματογραφία	
ὀνυχίζω	
ὀνύχιον	
ὀνυχιστήρ	
ὀξυγράφος	
ὀπήτιον	
ὀπισθίως	
ὀπισθότονος	
ὁπλοδοτέω	
ὁπλολογέω	
ὁπλοποιέω	
ὀπτάνω	
ὀπωροφυλάκιον	
ὁρατής	
ὁρατικός	
ὀργίλως	
ὀρνιθοσκοπέομαι	
ὀροφοιτόω	
ὀρόφωμα	
ὀρύττω	
ὁστισοῦν	
ὀστρακώδης	
ὀσφρασία	
ουαυ	
οὐλή	
οὐραγέω	
οὖρον	
ὀφθαλμοφανῶς	
ὀφιόδηκτος	
ὀφιομάχης	
ὄφλησις	
ὀχλαγωγέω	
ὀχυρωμάτιον	
ὀχύρωσις	
ὄψομαι	
ὀψοποίημα	
ὄψος	
παγγέωργος	
παθεινός	
παθοκράτεια	
παθοκρατέομαι	
παιάν	
παλάθης	
παλαίωμα	
πάλλομαι	
παμβότανον	
παμμελής	
παμμιαρός	
πανάγιος	
πάνδημον	
πανεθνί	
πανηγυρισμός	
πανθήρ	
πανούργευμα	
πανουργεύω	
παντελῶς	
παντεπόπτης	
παντοδύναμος	
παντοτρόφος	
παντοφαγία	
παραβασιλεύω	
παραβιβάζω	
παραδειγματισμός	
παραδεικύω	
παραδοξάζω	
παραδόξως	
παραζώνη	
παραθάρσυνω	
παράθεμα	
παραθλίβω	
παρακαθεύδω	
παρακατατίθημι	
παρακλήτωρ	
παράκοιτος	
παραλαλέω	
παραλία	
παραλίαν	
παραναγινώσκω	
παρανακλίνω	
παρανόμως	
παραπληξία	
παράπλους	
παραριθμέω	
παρασυμβάλλομαι	
παρεισπορεύομαι	
παρεκλείπω	
παρέλκυσις	
παρεξίστημι	
παρεπιδείκνυμι	
πάρεργος	
πάρινος	
πάριος	
παροιστράω	
παρόργισμα	
παρωμίς	
παστοφόριον	
παταχρον	
πάτημα	
πατητός	
παύσις	
πεδέω	
πείνη	
πέλειος	
πελεκάν	
πελεκητός	
πελιόομαι	
πέλμα	
πέλομαι	
πενέω	
πενταετηρικός	
πενταπλοῦς	
πεντεκαιεικοσαετός	
πέπτω	
περασμός	
περιαγκωνίζω	
περιαντλέω	
περιάργυρος	
περιαργυρόω	
περίβλημα	
περιγίνομαι	
περιδειπνέω	
περίδειπνον	
περιδέξιον	
περιδιπλόω	
περίειμι	
περίθεμα	
περιίπταμαι	
περικαθαίρω	
περικαθαρίζω	
περικαθίζω	
περικατάληπτος	
περικλύζω	
περικομπέω	
περικοσμέω	
περικρατέω	
περικύκλῳ	
περιλακίζω	
περίλημψις	
περιλύω	
περιξύω	
περιονυχίζω	
περιουσιασμός	
περιοχέομαι	
περιπαθῶς	
περιπλήσσω	
περίπτερος	
περιρραντίζω	
περισιαλόομαι	
περισκυθίζω	
περισπόριον	
περιστήθιον	
περιστολή	
περιστόμιον	
περίστυλον	
περίτειχος	
περιφανῶς	
περιχαίρω	
περιχαλάω	
περιχαλκόω	
περίχρυσος	
περιχρυσόω	
περιψύχω	
περκάζω	
πέταμαι	
πέψις	
πηδαλιουχέω	
πικρασμός	
πικρίαι	
πικρίς	
πίννινος	
πιστοποιέω	
πιστῶς	
πλανῆτις	
πλατυσμός	
πλεόνασμα	
πλεονασμός	
πλεοναστός	
πληγίζω	
πλημμέλησις	
πλημμηλέω	
πλινθεία	
πλινθεῖον	
πλινθουργία	
πλόκιον	
πνευματοφορέω	
πνευματοφόρος	
πνεύω	
ποικιλτικός	
ποικιλτός	
ποικίλως	
πολεμοτροφέω	
πολιόρκησις	
πολυάνδριον	
πολυημερεύω	
πολυοδία	
πολύορκος	
πολυοχλία	
πολύπειρος	
πολυπλασιάζω	
πολυπληθέω	
πολυπληθία	
πολυπληθύνω	
πολυρρήμων	
πολυτόκος	
πολυτρόπος	
πολυφροντίς	
πολυχρονίζω	
πονηρεύω	
ποντόβροχος	
πορνοκόπος	
ποσαπλῶς	
ποτόν	
πραγματεύω	
πραΰθυμος	
πρεσβύτατος	
πριστηροειδής	
πρίων	
προαίρω	
προαναμέλπω	
προανατάσσω	
προανατέλλω	
προαπαγγέλλω	
προασπίζω	
προβασκάνιον	
προγονικός	
πρόειμι	
προθερίζω	
προκακόομαι	
προκατασκιρρόομαι	
πρόκρημνος	
προκυνέω	
προλήνιον	
πρόλοβος	
προμαχών	
προνουμηνία	
προοδηγός	
προπτύω	
πρόπτωσις	
προσαναλέγω	
προσαναπαύω	
προσανατρέπω	
προσαναφέρω	
προσανοικοδομέομαι	
προσαποθνῄσκω	
προσαπωθέω	
προσαρτίως	
προσβλητός	
προσγίνομαι	
προσδεκτός	
προσεκκαίω	
προσεμβριμάομαι	
προσεμπίπρημι	
προσενέχομαι	
προσεξηγέομαι	
προσεπικατατείνω	
προσεπιτιμάω	
προσερυθριάω	
προσεχόντως	
προσηλυτεύω	
προσημειόομαι	
πρόσθεμα	
προσθλίβω	
προσκήνιον	
προσκυρόω	
προσμίγνυμι	
προσοδύρομαι	
προσόχθισμα	
προσοχυρόω	
προσπάσσω	
προσπυρόω	
προσσιελίζω	
προσταγή	
προσταράσσω	
προστάς	
πρόστιμον	
προσυπομιμνήσκω	
προσυστέλλομαι	
προσυψόω	
προσχράομαι	
προσωθέω	
προτείχισμα	
προϋποτάσσω	
προϋφίσταμαι	
προφανῶς	
προφασιστικός	
προχαλάω	
προχώρημα	
πρώσωπον	
πρωτοβαθρέω	
πρωτοβολέω	
πρωτογένημα	
πρωτογενής	
πρωτοκλίσιον	
πρωτοκουρία	
πρωτολογία	
πρωτόπλαστος	
πρωτοτοκεύω	
πρωτοτοκέω	
πτέρνη	
πτερνισμός	
πτεροφεύω	
πτίλος	
πτόη	
πτύελος	
πτύξις	
πτωχίζω	
πυργόβαρις	
πυρίζω	
πυρόπνους	
πύρπνοος	
πυρρίζω	
πυρρόω	
Ῥάγαι	
Ῥάγη	
ῥάγμα	
Ῥάγοι	
ῥάδαμνος	
ραθμ	
ῥακώδης	
ῥάμμα	
ῥάμνος	
ῥάσσω	
Ῥαφαήλ	
Ῥαφία	
ῥαφιδευτός	
Ῥαψάκης	
ῥεμβασμός	
ῥεμβεύω	
ῥέμβω	
ῥηγνύω	
ρης	
Ῥινοκοροῦρα	
ῥιπιστός	
ῥίτωω	
ῥοά	
ῥόαξ	
Ῥόδιοι	
ῥοδοφόρος	
ῥοίσκος	
ῥοῦς	
ῥύδη	
ῥυέω	
ῥύστης	
ῥωποπώλης	
σαβαχα	
σαβι	
σαγήνα	
σαδη	
σαδημωθ	
σαδηρωθ	
σαθρόω	
σαλαμιν	
σαλωμών	
σαμχ	
σανίδος	
σανιδωτός	
σαουλ	
σαπρίζω	
σαράβαρα	
σαρκοφαγέω	
σαρκοφαγία	
σατραπία	
σαφφωθ	
σαχωλ	
σβεστικός	
σειρήν	
σειρήνιος	
σεῖσμα	
σεμνῶς	
σεν	
σεραφιν	
σερσερωθ	
σευτλίον	
σημασία	
σημέα	
σημείωσις	
σήπη	
σητόβρωτον	
σῆψις	
σιαγόνιον	
σιδηρόδεσμος	
σίελον	
σίελος	
σίκλος	
σικυήρατον	
σικύος	
σιρομάστης	
σιρώνων	
σισόη	
σιώπησις	
σκαμβή	
σκάφος	
σκεδιάζω	
σκελίζω	
σκεπάρνον	
σκεπάρνῳ	
σκέπασις	
σκεπαστής	
σκεπεινός	
σκέπης	
σκήνωσις	
σκιάδιον	
σκληρίαν	
σκληροκάρδιος	
σκνίψ	
σκολιάζω	
σκολιῶς	
σκόπελον	
σκορακισμός	
σκόρδον	
σκορπίδιον	
σκορπισμός	
σκοτάζω	
σκυβαλίζω	
σκυθρωπῶς	
σκυλεία	
σκυλμός	
σκῶλον	
σμαραγδίτης	
σμικρύνω	
σμιρίτης	
σμύρνινος	
σοομ	
σοφῶς	
σπερματίζω	
σπερματισμός	
σπλαγχνίζω	
σπλαγχνισμός	
σπλαγχνοφάγος	
σποδόω	
σπονδεῖον	
σπόνδυλος	
σπόριμον	
σπουδαιότης	
σταθμίον	
σταθμπόω	
σταλάζω	
στεατόομαι	
στειρόω	
στεμφυλόν	
στενότητα	
στενῶς	
στερέωσις	
στεφάνω	
στηθοδεσμίς	
στηθύνιον	
στηλογραφία	
στῆρ	
στιβίζω	
στίλβων	
στίλβωσις	
στιμίζω	
στίππινος	
στιππύον	
στιχίζω	
στοιχείωσις	
στολισμός	
στολιστής	
στόρνυμι	
στοχάζω	
στοχαστής	
στραγγαλάομαι	
στραγγαλιά	
στραγγαλίς	
στραγγαλόομαι	
στραγγαλώδης	
στραγγίζω	
στρατήγημα	
στρατιώτις	
στρατοκῆρυξ	
στρέβλη	
στρεβλωτήριον	
στρερέω	
στρίφνος	
στρογγύλον	
στροφωτός	
συγγελάω	
συγγινώσκω	
συγγνωμονέω	
συγγυμνασία	
συγκαθυφαίνω	
συγκάλυμμα	
συγκαταγηράω	
συγκατακληρονομέομαι	
συγκαταφέρω	
συγκερατίζομαι	
συγκλάζω	
σύγκλεισμα	
συγκλεισμός	
σύγκλειστον	
σύγκλειστος	
συγκληρονομέω	
συγκλύζω	
συγκοίτος	
σύγκριμα	
συγκρουσμός	
συγκρύφω	
συγκυρόω	
συγχρονίζω	
συγχωρητέον	
συζηγής	
συζώννυμι	
συκοφαντία	
συκών	
συλλοιδορέω	
συλλοχάω	
συλλοχισμός	
συμβαστάζω	
συμβίωσις	
συμβιωτής	
σύμβλημα	
σύμβλησις	
συμβοηθός	
συμβολοκοπέω	
συμβόσκομαι	
συμβουλευτής	
συμβραβεύω	
συμμιαίνω	
συμμισοπονηρέω	
συμμολύνω	
συμπλεκτός	
συμπλήρωσις	
συμπλοκῶν	
συμπορπάομαι	
συμπρόσειμι	
συμπροσπλέκομαι	
συμφλογίζω	
συμφοράζω	
συμφρύγω	
σύμφωνον	
συμφώνως	
συναγελάζομαι	
σύναγμα	
συνανάμιξις	
συναναμίσγω	
συναναστροφή	
συναντή	
συνάντημα	
συναποκρύπτω	
σύναψις	
συνεδριάζω	
συνείκω	
συνεκκεντέω	
συνεκπολεμέω	
συνεκπορεύομαι	
συνεκτρίβω	
συνεκτρόφος	
συνέλευσις	
συνεπισκέπτομαι	
συνερίζω	
συνεταιρίς	
συνετίζω	
συνετῶς	
συνευφραίνομαι	
συνήλικος	
συνθέλω	
σύνοδος	
συνοδυνάομαι	
συνολκή	
σύνολον	
συνούλωσις	
συνουσιασμός	
συνταγή	
συντίμησις	
συντριβή	
συντριμμός	
σύντριψις	
συνυφή	
σύριγξ	
σῦς	
συσκιάζον	
συσσεισμός	
συσσύρω	
σύστεμα	
σφαγιάζω	
σφάλμα	
σφηκία	
σφηνόω	
σφιγγία	
σφυροκοπέω	
σχισμάς	
σχίσμν	
σωματοφύλαξ	
σῶος	
σωρήκ	
σωφερ	
ταλαίπορος	
ταμιεύομαι	
ταπεινάω	
ταπεινφρονέω	
τεθνήκω	
τειχήρεσις	
τειχιστής	
τεκταίνω	
τέλεος	
τελεσιουργέω	
τελίσκομαι	
τελωνέομαι	
τεράσσω	
τερατοποιός	
τερέμινθος	
τέρετον	
τετρακοσιοστός	
τετραμερής	
τετραπλῶς	
τετράστιχος	
τηγανίζω	
τήγανον	
τηγάνος	
τηθ	
τηλαύγημα	
τηλαύγησις	
τιθηνέω	
τιθηνία	
τιμογραφέω	
τιμωρητής	
τινάγμα	
τιτάν	
τιτράω	
τομίς	
τοπαρχία	
τορευτῶν	
τρανός	
τραχηλάω	
τριακονταετός	
τριετής	
τριημερία	
τριμερίζω	
τριπλασίως	
τρισαλιτήριος	
τρισσεύω	
τρισσόω	
τρισσῶς	
τριστάτης	
τρισχίλιος	
τριταίων	
τρίχαπτος	
τριχίνας	
τροπιά	
τροφεία	
τροφεύω	
τροχαντήρ	
τροχιαῖος	
τροχιάς	
τροχίσκος	
τρυγητής	
τρυγίας	
τρυφάνω	
τρυφερεύομαι	
τρυφερότης	
τρύχω	
τρώγλν	
τυμπανίστρια	
τυραννέω	
τυρόω	
ὑαίνης	
ὑβρίστρια	
ὑγιάζω	
ὑγιῶς	
ὑγρασία	
ὑδραγωγός	
ὑδρίσκη	
ὑετίζω	
ὕμνησις	
ὑμνογράφος	
ὑπεράγαν	
ὑπεραγόντως	
ὑπεράγω	
ὑπεραινετός	
ὑπεράνωθεν	
ὑπέραρσις	
ὑπερασπισμός	
ὑπερασπίστρια	
ὑπερδυναμόω	
ὑπερένδοξος	
ὑπερηφανεύομαι	
ὑπερηφανεύω	
ὑπερηφάνως	
ὑπερήφονος	
ὑπέρθυρον	
ὑπερκεράω	
ὑπερκρατέω	
ὑπερόρασις	
ὑπερόψις	
ὑπερρίπτω	
ὑπερυμνητός	
ὑπερφερής	
ὑπερφόβος	
ὑπερχαρής	
ὑπερχέω	
ὑπευλαβέομαι	
ὑπόγυος	
ὑπόθεμα	
ὑποκαλύπτω	
ὑπόλειμμα	
ὑπόλημψις	
ὑπόλυσις	
ὑπομάσθιος	
ὑπομνηματίζομαι	
ὑπομνηματισμός	
ὑπομνηματογράφος	
ὑπονόημα	
ὑπονοθεύω	
ὑποπυρρίζω	
ὑποσκέλισμα	
ὑπόστημα	
ὑποστήριγμα	
ὑποσχάζω	
ὑποτίτθια	
ὑπόφρικος	
ὑποχόνδριον	
ὑποχύτηρ	
ὑστεροβουλία	
ὑψαυχενέω	
ὑψηλοκάρδιος	
ὕψιστε	
ὕψωσις	
φαζ	
φαλάκρωμα	
φαντασιοκοπέω	
φαρασιν	
φαρες	
φαρμακία	
φαρουριμ	
φασεκ	
φασεχ	
φατνόω	
φάτνωμα	
φαύλισμα	
φαυλισμός	
φαυλίστρια	
φελεθθι	
φελμουνι	
φερνίζω	
φη	
φθάρμα	
φθειρίζω	
φθίνω	
φθορεύς	
φιλαμαρτήμων	
φιλαργυρέω	
φιλελεήμων	
φιλεχθρέω	
φιληκοΐα	
φιλιάζω	
φιλογύναιος	
φιλοστόργως	
φιλοτεκνία	
φιλοτίμως	
φιλοφρονέω	
φλεγμονή	
φλυκτίς	
φοβερίζω	
φοβερισμός	
φοβεροειδής	
φοβερῶς	
φοινικοῦς	
φονευτής	
φονοκτονέω	
φονοκτονία	
φονώδης	
φορβεά	
φορθομμιν	
φορολόγητος	
φορολογία	
φραζών	
φρενόομαι	
φρικασμός	
φρικτῶς	
φρίττω	
φροντιστέον	
φρουρόω	
φρυάζω	
φρύγιον	
φυγαδευτήριον	
φυγάδιον	
φύλαγμα	
φυλακίζομαι	
φυλάκισσα	
φυλάρχης	
φύρασις	
φυρμός	
φύρομαι	
φωράομαι	
φωταγωγέω	
χαιρετίζω	
χάλαστα	
χαλαστόν	
χαλβάνη	
Χαλδαϊκός	
Χαλδαϊστί	
χαλκοπλάστης	
χαμανιμ	
χαρακοβολία	
χαριτόομαι	
χαρμοσύνη	
χαρσιθ	
χαρτηρία	
χαρτίον	
χαυών	
χαφ	
χειρέω	
χειρίζω	
χειρίστως	
χειρόομαι	
χειροπέδη	
χελύνιον	
χελώνις	
χερεθ	
χερεθθι	
χερσόομαι	
χερσόω	
χεττιιν	
χήλη	
χίδρον	
χιλιοπλασίως	
χιόνα	
χιονόομαι	
χλεύασμα	
χλίδων	
χλωρίζω	
χνοῦν	
χνοῦς	
χοεύς	
χοθωνωθ	
χοιρογρύλλιον	
χοιρογρύλλιος	
χολέρα	
χορεύουσαι	
χορτομανέω	
χορτώδης	
χρεοκοπέομαι	
χρέους	
χρεοφειλέτου	
χρησμολογίζω	
χρηστοήθεια	
χρηστῶς	
χρίνω	
χρῖσις	
χρόα	
χρονίσκος	
χρυσαυγέω	
χρυσουργός	
χυδαῖος	
χύμα	
χυτήν	
χυτρόκαυλος	
χωθαρ	
χωθαρεθ	
χωμαριμ	
χωματίζω	
χώνευσις	
χωνευτής	
χωνευτός	
χωρίσμος	
χωροβατέω	
χῶσαι	
ψάλτης	
ψαλτός	
ψαλτῳδέω	
ψαλτῳδός	
ψάλω	
ψαμμωτός	
ψευδοθύριον	
ψευδοθυρίς	
ψηλάφησις	
ψηλαφητός	
ψηφολογέω	
ψιλόω	
ψόα	
ψόαν	
ψογίζω	
ψύα	
ψυγμός	
ψύλλος	
ψυχικῶς	
ψυχουλκέομαι	
ψωραγριάω	
ᾤα	
ὥδωρ	
ᾠκοδομέω	
ὠμία	
ὠμόλινον	
ὠμοτοκέω	
ὡραΐζομαι	
ὡραίομαι	
ὡραιοῦμαι	
ὡραϊσμός	
ὤρυμα	
ὡσανεί	
ὠτότμητος	
ὠχέω	
