a)basi/leutos	《21》
a)/batos	《23》
a)blabh/s	《82》
a)bohqhsi/a	《83》
a)boh/qhtos	《84》
a)bou/leutos	《87》
a)boule/w	《88》
a)bouli/a	《89》
a)broxi/a	《95》
a)/brwtos	《97》
a)gaqo/ths	《107》
a)gaqo/w	《108》
a)gaqo/s	《110》
a)/galma	《116》
a)/gan	《118》
a)gelai=os	《147》
a)gelhdo/n	《149》
a)gerwxi/a	《150》
a)ge/rwxos	《151》
a(giasth/rion	《156》
a(giasti/a	《157》
a)gku/lh	《165》
a)gkw/n	《166》
a(/gnisma	《173》
a)/gnos	《179》
a)/gonos	《182》
a)gorasth/s	《187》
a)grio/ths	《192》
a)grio/w	《193》
a)/grwstis	《199》
a)guia/	《200》
a)/gxw	《207》
a)gwnia/w	《213》
a)gwnisth/s	《215》
a)dama/ntinos	《224》
a)da/mas	《225》
a)da/mastos	《226》
a)/deia1	《242》
a)/deipnos	《243》
a)delfokto/nos	《247》
a)dia/lutos	《261》
a)do/khtos	《279》
a)dolesxi/a	《282》
a)doce/w	《284》
a)doci/a	《285》
a)/docos	《286》
a)dranh/s	《291》
a(dro/s	《292》
a)dunami/a	《295》
a)ergo/s	《316》
a)hdi/a	《352》
a)qa/natos	《358》
a)qew/rhtos	《372》
a)qlhth/s	《376》
a)/qlios	《377》
a)=qlon	《379》
a)qlofo/ros	《380》
a)/qroisma	《385》
a)qro/os	《386》
a)qumi/a	《388》
a)/qutos	《389》
ai)de/omai	《404》
ai)dh/mwn	《405》
ai)doi=os	《408》
ai)qa/lh	《412》
ai)/qrios	《421》
ai)ki/a	《424》
ai)ki/zw	《426》
ai)kismo/s	《427》
ai)/louros	《437》
ai(ma/ssw	《447》
ai(mobo/ros	《448》
ai)neto/s	《458》
ai)po/lion	《465》
ai)po/los	《466》
ai(reto/s	《471》
ai)sxunthro/s	《484》
ai)/thsis	《491》
ai)tia/omai	《493》
a)/kairos	《509》
a)kaki/a2	《511》
a)ka/luptos	《513》
a)ka/rdios	《519》
a)kariai=os	《520》
a)karpi/a	《521》
a)/kaustos	《535》
a)kina/khs	《544》
a)ki/nhtos	《545》
a)ki/s	《546》
a)kleh/s	《552》
a)klew=s	《553》
a)/klhtos	《555》
a)kmai=os	《558》
a)kmh/	《559》
a)/kmwn	《560》
a)koi/mhtos	《562》
a)koinw/nhtos	《563》
a)kolasi/a	《564》
a)ko/lastos	《565》
a)kolouqi/a	《567》
a)ko/louqos	《568》
a)kona/w	《570》
a)konti/zw	《571》
a)kontisth/s	《572》
a)/kosmos	《575》
a)/kra	《588》
a)kribh/s	《597》
a)kro/ama	《601》
a)kroa/omai	《602》
a)kro/asis	《603》
a)kro/drua	《607》
a)kro/polis	《609》
a)/kros	《610》
a)kro/tomos	《611》
a)krwthria/zw	《613》
a)krwth/rion	《614》
a)kti/s	《615》
a)/kuros	《617》
a)kw/lutos	《621》
a)lazoneu/omai	《628》
a)la/stwr	《636》
a)lge/w	《638》
a)lghdw/n	《639》
a)/lghma	《640》
a)/lgos	《642》
a)/leimma	《643》
a)lektruw/n	《645》
a)le/w1	《655》
a(lia/etos	《664》
a)lisge/w	《672》
a)lith/rios	《674》
a)lkh/	《678》
a)llagh/	《681》
a)/llagma	《682》
a)llaxh=	《684》
a)llo/glwssos	《691》
a)/lloqen	《693》
a)lloio/w	《694》
a)lloi/wsis	《695》
a)/llote	《698》
a)llotrio/ths	《700》
a)llotri/wsis	《703》
a(/lma	《712》
a(/lmh	《713》
a(lmuro/s	《715》
a)loge/w	《717》
a)logisti/a	《718》
a)lo/gistos	《719》
a)lohto/s	《724》
a)loifh/	《725》
a)/lsos	《729》
a)lsw/dhs	《730》
a)lfo/s	《738》
a)maqi/a	《756》
a)mauro/s	《786》
a)mauro/w	《787》
a)mbluwpe/w	《793》
a)mbro/sios	《796》
a)me/lgw	《802》
a)merh/s	《809》
a)me/trhtos	《816》
a)mh/xanos	《820》
a)misqi/	《827》
a)mnhmone/w	《850》
a)mnhsti/a	《854》
a)/moiros	《857》
a)/moros	《863》
a)/morfos	《867》
a)mu/qhtos	《878》
a)mfia/zw	《881》
a)mfilafh/s	《887》
a)na/basis	《907》
a)nabasta/zw	《908》
a)nabio/w	《911》
a)nablasta/nw	《912》
a)nabra/ssw	《918》
a)nagnw/sths	《929》
a)nagoreu/w	《930》
a)nagrafh/	《931》
a)nagra/fw	《932》
a)na/dusis	《940》
a)naze/w	《942》
a)naidh/s	《959》
a)nakai/w	《966》
a)nakale/w	《967》
a)nakhru/ssw	《971》
a)nakla/w	《972》
a)nakoino/w	《976》
a)nakomi/zw	《977》
a)nakrou/w	《982》
a)na/lghtos	《986》
a)nale/gw	《987》
a)na/lwsis	《996》
a)nami/gnumi	《1001》
a)na/micis	《1003》
a)namoxleu/w	《1005》
a)/nandros	《1008》
a)nanea/zw	《1009》
a)naneu/w	《1013》
a)nane/wsis	《1014》
a)nachrai/nw	《1020》
a)na/palin	《1024》
a)na/pauma	《1025》
a)napei/rw	《1029》
a)napeta/nnumi	《1030》
a)naphda/w	《1031》
a)napla/ssw	《1034》
a)naplh/rwsis	《1036》
a)napne/w	《1037》
a)napodi/zw	《1038》
a)naptero/w	《1041》
a)narpa/zw	《1048》
a)narrh/gnumi	《1049》
a)naska/ptw	《1051》
a)naste/llw	《1056》
a)nasxi/zw	《1063》
a)natei/nw	《1065》
a)nate/mnw	《1067》
a)natre/xw	《1075》
a)natupo/w	《1078》
a)naxa/skw	《1090》
a)nayuxh/	《1094》
a)ndragaqe/w	《1097》
a)ndragaqi/a	《1098》
a)ndra/podon	《1099》
a)ndrei/a	《1100》
a)ndrei=os	《1101》
a)ndro/gunos	《1106》
a)ndro/w	《1111》
a)negei/rw	《1113》
a)neile/w	《1116》
a)/neimi	《1117》
a)ne/lpistos	《1121》
a)nempo/distos	《1126》
a)nece/legktos	《1127》
a)nepieikh/s	《1130》
a)nereuna/w	《1132》
a)/nhbos	《1142》
a)nh/kestos	《1143》
a)nh/koos	《1144》
a)nhleh/s	《1147》
a)nh/nutos	《1149》
a)nqe/mion	《1151》
a)nqe/w	《1152》
a)/nqinos	《1153》
a)ni/atos	《1166》
a)niero/w	《1167》
a)ni/khtos	《1170》
a)/noiktos	《1188》
a)no/moios	《1193》
a)no/nhtos	《1196》
a)noru/ssw	《1198》
a)ntagwnisth/s	《1206》
a)ntai/rw	《1207》
a)ntakou/w	《1208》
a)ntalla/ssw	《1210》
a)ntanaire/w	《1212》
a)ntani/sthmi	《1214》
a)nterei/dw	《1224》
a)nthxe/w	《1226》
a)ntigra/fw	《1230》
a)ntidi/dwmi	《1231》
a)ntidike/w	《1232》
a)ntikaqi/zomai	《1237》
a)ntikatalla/ssomai	《1239》
a)ntila/mpw	《1244》
a)nti/palos	《1258》
a)ntiparaba/llw	《1259》
a)ntipara/gw	《1260》
a)ntiparata/ssomai	《1262》
a)ntipoie/w	《1266》
a)ntipoleme/w	《1267》
a)ntipoliteu/omai	《1268》
a)ntipra/ssw	《1269》
a)ntiti/qhmi	《1277》
a)ntifilosofe/w	《1278》
a)ntifwne/w	《1279》
a)/ntron	《1283》
a)ntrw/dhs	《1284》
a)nupe/rblhtos	《1286》
a)nupono/htos	《1291》
a)nupo/statos	《1292》
a)nuyo/w	《1293》
a)nu/w	《1294》
a)nw/numos	《1300》
a)ci/a	《1305》
a)cio/pistos	《1307》
a)ci/wma	《1310》
a)/cwn	《1312》
a)oi/dimos	《1314》
a)/oknos	《1316》
a)pagoreu/w	《1322》
a)pagwgh/	《1325》
a)paideusi/a	《1327》
a)pai/thsis	《1331》
a)pallotri/wsis	《1335》
a(palu/nw	《1338》
a)pamu/nw	《1341》
a)panai/nomai	《1342》
a)panaisxunte/w	《1343》
a)pani/sthmi	《1344》
a)panth/	《1346》
a)pa/nthma	《1347》
a)parai/thtos	《1351》
a)pare/skw	《1355》
a)/parxos	《1360》
a)pautomole/w	《1368》
a)peika/zw	《1372》
a)peira/gaqos	《1379》
a)pei/rgw	《1380》
a)pele/gxw	《1385》
a)peleuqero/w	《1387》
a)penanti/on	《1390》
a)pe/nqhtos	《1392》
a)perei/dw	《1394》
a)peri/spastos	《1396》
a)pexqa/nomai	《1400》
a)pe/xqeia	《1401》
a)pexqh/s	《1402》
a)phliw/ths	《1406》
a)ph/mantos	《1407》
a)phnh/s	《1408》
a)/platos	《1415》
a)plhsti/a	《1417》
a)/plhstos	《1418》
a(plo/w	《1422》
a)/pnoos	《1424》
a)poba/ptw	《1428》
a)pobia/zomai	《1429》
a)pogeu/w	《1433》
a)po/gonos	《1435》
a)podeirotome/w	《1440》
a)po/desmos	《1444》
a)podiw/kw	《1450》
a)po/dosis	《1453》
a)podu/romai	《1455》
a)poqauma/zw	《1456》
a)poqeri/zw	《1457》
a)poiki/a	《1463》
a)poiki/zw	《1464》
a)poikismo/s	《1465》
a)pokaqai/rw	《1467》
a)poka/qhmai	《1469》
a)pokai/w	《1471》
a)poklai/w	《1482》
a)pokli/nw	《1485》
a)poklu/zw	《1486》
a)pokomi/zw	《1488》
a)pokosme/w	《1490》
a)po/krhmnos	《1491》
a)pokwlu/w	《1501》
a)polakti/zw	《1503》
a)polau/w	《1506》
a)polh/gw	《1510》
a)polo/ghma	《1517》
a)po/lusis	《1521》
a)polutro/w	《1522》
a)pomai/nomai	《1525》
a)poma/xomai	《1528》
a)pomeri/zw	《1530》
a)ponoe/omai	《1534》
a)po/noia	《1535》
a)/ponos	《1536》
a)poceno/w	《1538》
a)pocu/w	《1540》
a)popeira/omai	《1542》
a)pophda/w	《1544》
a)popne/w	《1550》
a)popomph/	《1554》
a)poptu/w	《1556》
a)po/rrhtos	《1562》
a)porrw/c	《1565》
a)posbe/nnumi	《1567》
a)posei/w	《1568》
a)posiwpa/w	《1569》
a)poskeda/nnumi	《1571》
a)poskuqi/zw	《1580》
a)posobe/w	《1581》
a)po/spasma	《1582》
a)posta/zw	《1584》
a)po/stasis	《1588》
a)postate/w	《1589》
a)posta/ths	《1590》
a)posteno/w	《1593》
a)poste/rgw	《1594》
a)postu/fw	《1600》
a)posuri/zw	《1602》
a)posu/rw	《1603》
a)posfa/zw	《1604》
a)posxi/zw	《1607》
a)potei/nw	《1609》
a)pote/mnw	《1611》
a)potomh/	《1619》
a)po/tomos	《1620》
a)potri/bw	《1624》
a)potugxa/nw	《1627》
a)potumpani/zw	《1628》
a)pofai/nw	《1631》
a)po/fqegma	《1635》
a)pofusa/w	《1637》
a)poxe/w	《1638》
a)poxw/rhsis	《1640》
a)/praktos	《1643》
a)preph/s	《1644》
a)prosdeh/s	《1647》
a)prosdo/khtos	《1648》
a)/puros	《1656》
a)pwte/rw	《1663》
a)ra/omai	《1686》
a)raro/tws	《1690》
a)ra/xnh	《1693》
a)rgi/a	《1702》
a)rguriko/s	《1706》
a)/rdhn	《1716》
a)re/skeia	《1721》
a)rh/gw	《1728》
a)/rqron	《1736》
a)riqmhto/s	《1743》
a)ristei/a	《1748》
a)risteu/w	《1750》
a)/ristos	《1754》
a(rmathla/ths	《1772》
a(rmoni/a	《1776》
a)roth/r	《1789》
a)/rrhktos	《1809》
a)rrwste/w	《1811》
a)rrw/sthma	《1812》
a)rrwsti/a	《1813》
a)/rsis	《1820》
a)rta/bh	《1823》
a)rxhge/ths	《1837》
a)rxh=qen	《1839》
a)rxierwsu/nh	《1846》
a)rxitektone/w	《1855》
a)se/bhma	《1908》
a)sqmai/nw	《1943》
a)si/dhros	《1948》
a)sinh/s	《1957》
a)site/w	《1959》
a)/skhsis	《1965》
a)skhth/s	《1966》
a)=|sma	《1970》
a)smeni/zw	《1971》
a)/smenos	《1972》
a)spa/laqos	《1988》
a)staqh/s	《2005》
a)stugei/twn	《2026》
a)suli/a	《2030》
a)/sulos	《2031》
a)su/mforos	《2032》
a)sxole/w	《2056》
a)sxoli/a	《2057》
a)/swtos	《2066》
a)taci/a	《2069》
a)ta/r	《2071》
a)/tafos	《2076》
a(/te	《2077》
a)tei/xistos	《2078》
a)tekni/a	《2079》
a)te/lestos	《2083》
a)telh/s	《2084》
a)ti/mhtos	《2093》
a)timw/rhtos	《2097》
a)topi/a	《2101》
a)/traktos	《2105》
a)trapo/s	《2106》
a)/trwtos	《2108》
a)tuxe/w	《2115》
a)tuxi/a	《2116》
au)qa/deia	《2124》
au)qe/nths	《2127》
au)=lac	《2134》
au)lw/n	《2141》
au)/ra	《2146》
au)ti/ka	《2158》
au)to/qen	《2160》
au)to/qi	《2161》
au)tokra/twr	《2162》
au)tomole/w	《2164》
au)to/xqwn	《2168》
au)xh/n	《2169》
au)xmo/s	《2170》
au)xmw/dhs	《2171》
a)fagni/zw	《2173》
a)fai/resis	《2176》
a)fa/llomai	《2180》
a)fa/ptw	《2184》
a)fasi/a	《2189》
a)feggh/s	《2190》
a)fhge/omai	《2203》
a)fh/ghma	《2204》
a)/fqonos	《2207》
a)/fqoros	《2209》
a)fiero/w	《2210》
a)fobi/a	《2216》
a)/fobos	《2217》
a)/fodos	《2221》
a)fo/rhtos	《2225》
a)xanh/s	《2249》
a)/xaris	《2251》
a)/xos	《2305》
a)wri/a	《2328》
ba/dos	《2369》
bai/nw	《2445》
ba/mma	《2497》
bapto/s	《2516》
ba/raqron	《2521》
baruhxh/s	《2549》
baruqume/w	《2550》
baru/qumos	《2551》
baskani/a	《2588》
ba/skanos	《2589》
ba/stagma	《2593》
bafh/	《2601》
bde/lla	《2603》
bdeluro/s	《2607》
biba/zw	《2716》
bi=kos	《2723》
bioteu/w	《2725》
bla/bh	《2731》
bla/sthma	《2735》
ble/faron	《2741》
boi/dion	《2751》
bombe/w	《2757》
bora/	《2762》
bo/skhma	《2766》
bo/struxos	《2771》
bouleuth/rion	《2788》
bouleutiko/s	《2790》
bou/tomon	《2799》
bri/qw	《2813》
bronta/w	《2815》
broto/s	《2817》
brwto/s	《2826》
bu/blinos	《2827》
bu/rsa	《2832》
bu/w	《2835》
bw=lac	《2838》
gazofu/lac	《2897》
gai=a	《2903》
galaqhno/s	《2926》
galhno/s	《2939》
gameth/	《2952》
gamiko/s	《2956》
gastrimargi/a	《2977》
gastri/margos	《2978》
gauri/ama	《2981》
gauria/w	《2982》
geitnia/w	《3015》
gene/qlios	《3039》
ge/neion	《3040》
gennai=os	《3048》
gennaio/ths	《3049》
geraio/s	《3058》
gerai/rw	《3059》
ge/ras	《3061》
geu=ma	《3072》
ge/fura	《3075》
gew/dhs	《3076》
gewmetri/a	《3077》
gewrgi/a	《3080》
ghgenh/s	《3085》
gi/garton	《3100》
glau/c	《3107》
glukai/nw	《3110》
gluku/ths	《3115》
gna/qos	《3126》
gnwste/os	《3139》
goero/s	《3151》
gohtei/a	《3152》
go/nos	《3171》
go/os	《3173》
gou=n	《3179》
grammatei/a	《3184》
grammateu/w	《3186》
grammatiko/s	《3187》
grafiko/s	《3192》
grafi/s	《3193》
gru/zw	《3197》
gru/y	《3198》
gumna/sion	《3201》
gu=ros	《3210》
gu/y	《3212》
daktulh/qra	《3257》
daneismo/s	《3279》
da/nos1	《3285》
dapa/nhma	《3288》
dasu/pous	《3298》
dayilh/s	《3302》
dei/dw	《3313》
deilai/nw	《3315》
dei/laios	《3316》
dei=ma	《3326》
deino/s	《3328》
deka/darxos	《3334》
deka/mhnos	《3337》
deka/phxus	《3338》
de/ltos2	《3350》
dendrotome/w	《3355》
decamenh/	《3358》
de/os	《3362》
despo/zw	《3376》
despotei/a	《3377》
deutereu/w	《3384》
dh=gma	《3397》
dh/lwsis	《3403》
dhmagwgi/a	《3404》
dhmeu/w	《3405》
dh/mios	《3408》
dhmiourge/w	《3409》
dhmotelh/s	《3413》
dhmo/ths	《3414》
diaba/qra	《3418》
diabia/zomai	《3423》
diabio/w	《3425》
diabolh/	《3427》
diabou/lion	《3431》
diaglu/fw	《3436》
diagoreu/w	《3439》
diagrafh/	《3440》
diagra/fw	《3441》
diagwgh/	《3443》
diade/w	《3445》
diadidra/skw	《3448》
diadu/nw	《3451》
diaza/w	《3452》
diaqermai/nw	《3454》
dia/qesis	《3455》
di/aita	《3460》
diaita/w	《3461》
diakaqi/zw	《3464》
diakai/w	《3465》
diakartere/w	《3467》
dia/keimai	《3469》
dia/kenos	《3470》
diakinduneu/w	《3471》
diakine/w	《3472》
diakla/w	《3473》
diakle/ptw	《3474》
diakomi/zw	《3476》
diakoph/	《3480》
diakosme/w	《3483》
diako/smhsis	《3484》
diakrate/w	《3486》
diakribo/w	《3487》
diaku/ptw	《3491》
dialamba/nw	《3493》
dialanqa/nw	《3494》
diallagh/	《3501》
dia/llomai	《3503》
dia/lusis	《3508》
diamarta/nw	《3510》
dianqi/zw	《3526》
diaparqeneu/w	《3537》
diapau/w	《3538》
diapeile/w	《3539》
diapei/rw	《3541》
diape/mpw	《3542》
diape/tamai	《3544》
diapi/ptw	《3546》
diaplatu/nw	《3547》
diaplhkti/zomai	《3548》
diapne/w	《3549》
diapra/ssw	《3553》
diapreph/s	《3554》
dia/puros	《3557》
diapuro/w	《3558》
diariqme/w	《3559》
diarke/w	《3560》
diarre/w	《3564》
diarri/ptw	《3567》
diarta/w	《3569》
diaskeua/zw	《3576》
diaskirta/w	《3578》
dia/stasis	《3587》
diastrofh/	《3593》
diasfa/llw	《3597》
diasxi/zw	《3598》
dia/tacis	《3602》
diatei/nw	《3604》
diatre/pw	《3612》
diatre/xw	《3614》
diatribh/	《3615》
diatupo/w	《3618》
diafai/nw	《3619》
diafle/gw	《3626》
diafora/	《3627》
diafore/w	《3628》
diafwne/w	《3633》
diafwti/zw	《3635》
dia/xrusos	《3638》
dia/xusis	《3639》
diayeu/dw	《3642》
diayiquri/zw	《3643》
di/glwssos	《3644》
dieggua/w	《3655》
dielau/nw	《3660》
diele/gxw	《3661》
diece/rxomai	《3665》
dieci/hmi	《3666》
die/pw	《3669》
diereuna/w	《3671》
dieulabe/omai	《3678》
dihqe/w	《3682》
dih/kw	《3683》
dihxe/w	《3686》
dii/hmi	《3688》
dika/zw	《3691》
dikasth/rion	《3700》
di/nh	《3713》
di/odos	《3716》
dioike/w	《3717》
dioi/khsis	《3718》
dioikodome/w	《3720》
dio/llumi	《3721》
diora/w	《3726》
diorqo/w	《3728》
diorqwth/s	《3729》
diori/zw	《3730》
dio/rugma	《3731》
di/phxus	《3735》
diplasia/zw	《3736》
dipla/sios	《3738》
diploi/s	《3739》
di/skos	《3742》
dismu/rioi	《3743》
diufai/nw	《3751》
difqe/ra	《3752》
di/frac	《3753》
difreu/w	《3754》
di/fros	《3755》
di/xa	《3756》
dixomhni/a	《3758》
di/ya	《3762》
diwqe/w	《3767》
diw=ruc	《3770》
dokimasth/s	《3778》
do/mos	《3790》
do/casma	《3793》
doria/lwtos	《3799》
dorka/s	《3801》
do/ru	《3804》
dorufori/a	《3806》
dorufo/ros	《3807》
dra=ma	《3823》
drape/ths	《3825》
dra/w1	《3828》
drepanhfo/ros	《3829》
dromeu/s	《3832》
drosi/zw	《3834》
dunastei/a	《3841》
dunasteu/w	《3843》
dusa/qlios	《3850》
duskata/paustos	《3857》
duskleh/s	《3858》
duskoli/a	《3859》
du/skwfos	《3861》
dusme/neia	《3862》
dusmenh/s	《3863》
dusnoe/w	《3866》
duspolio/rkhtos	《3868》
duspro/sitos	《3869》
dusse/beia	《3870》
dussebe/w	《3871》
dussebh/s	《3873》
dusfhme/w	《3876》
du/sfhmos	《3878》
dusfore/w	《3879》
dusxe/reia	《3881》
dusxerh/s	《3882》
du/sxrhstos	《3883》
dusw/dhs	《3884》
dwdekaeth/s	《3888》
e(bdoma/s	《3921》
e)gglu/fw	《3941》
e)ggua/w	《3944》
e)ggu/h	《3945》
e)ggu/qen	《3946》
e)gkaqi/zw	《3953》
e)gkaqi/hmi	《3954》
e)gkai/w	《3960》
e)/gkarpos	《3962》
e)gkartere/w	《3963》
e)/gkata	《3964》
e)gklei/w	《3976》
e)/gklhros	《3977》
e)/gkoilos	《3980》
e)gkola/ptw	《3981》
e)/gkopos	《3983》
e)gkosme/w	《3984》
e)gkrou/w	《3992》
e)/gkthsis	《3996》
e)gku/klios	《3998》
e)gku/ptw	《4001》
e)gkwmia/zw	《4002》
e)gxa/skw	《4010》
e)gxeire/w	《4011》
e)gxei/rhma	《4012》
e)gxe/w	《4014》
e)gxroni/zw	《4016》
e(/dra	《4036》
ei)/qe	《4080》
ei)ka/zw	《4081》
ei)kosaeth/s	《4084》
ei)kosto/s	《4086》
ei)ko/tws	《4087》
ei)=mi	《4094》
ei(rkth/	《4102》
ei)rwnei/a	《4104》
ei)sba/llw	《4109》
ei)sble/pw	《4110》
ei)sdu/nw	《4112》
ei)skukle/w	《4115》
ei)sora/w	《4120》
ei)spe/mpw	《4121》
ei)sple/w	《4123》
ei)sfora/	《4128》
e(kate/rwqen	《4135》
e(kato/ntarxos	《4140》
e(katonta/s	《4141》
e(katosto/s	《4143》
e)kbai/nw	《4144》
e)kbia/zw	《4149》
e)kblasta/nw	《4150》
e)kblu/zw	《4151》
e)kboa/w	《4152》
e)/kbolos	《4154》
e)kbra/zw	《4155》
e)kgela/w	《4157》
e)kgra/fw	《4160》
e)kdeimato/w	《4162》
e)kde/rw	《4164》
e)kde/w	《4166》
e)kdhmi/a	《4168》
e)kdida/skw	《4170》
e)kdika/zw	《4173》
e)kqeri/zw	《4194》
e)/kqesis	《4195》
e)/kqesmos	《4196》
e)kqe/w	《4197》
e)/kqumos	《4200》
e(kkai/deka	《4203》
e(kkaide/katos	《4204》
e)kkalu/ptw	《4208》
e)kkine/w	《4214》
e)kklhsia/zw	《4217》
e)/kklhtos	《4219》
e)kklu/zw	《4221》
e)kkola/ptw	《4223》
e)kkomidh/	《4224》
e)kkrou/w	《4228》
e)kku/ptw	《4229》
e)klamba/nw	《4231》
e)/kleiyis	《4239》
e)kleukai/nw	《4241》
e)klogi/zomai	《4247》
e)/klusis	《4252》
e)kmarture/w	《4256》
e)kmeleta/w	《4258》
e)kmetre/w	《4260》
e)kpaideu/w	《4271》
e)kpera/w	《4275》
e)kpe/tomai	《4279》
e)kphda/w	《4280》
e)kpi/nw	《4283》
e)kplu/nw	《4288》
e)kpoie/w	《4289》
e)kpoleme/w	《4290》
e)kpoliorke/w	《4291》
e)kporqe/w	《4294》
e)kpreph/s	《4296》
e)kpre/pw	《4297》
e)kpri/w	《4298》
e)kpuro/w	《4299》
e)kre/w	《4300》
e)krh/gnumi	《4302》
e)kri/ptw	《4306》
e)ksobe/w	《4310》
e)kstrateu/w	《4315》
e)kta/ssw	《4321》
e)kte/mnw	《4324》
e)kth/kw	《4329》
e)kti/llw	《4332》
e)kti/nw	《4335》
e)ktomi/as	《4337》
e)ktopi/zw	《4338》
e)ktre/xw	《4343》
e)ktrw/gw	《4347》
e)ktupo/w	《4349》
e)kfai/nw	《4354》
e)kfauli/zw	《4355》
e)/kfhmi	《4358》
e)kfle/gw	《4359》
e)kfora/	《4362》
e)kfwne/w	《4367》
e)la/inos	《4378》
e)la/tinos	《4390》
e)la/ttwma	《4395》
e)/lafos	《4398》
e)legmo/s	《4413》
e)lefanta/rxhs	《4433》
e)le/fas	《4438》
e(likto/s	《4473》
e)lliph/s	《4521》
e(/los	《4527》
e)mbolh/	《4552》
e)/metos	《4562》
e)mmanh/s	《4567》
e)mmele/thma	《4569》
e)/mmonos	《4574》
e)/mpaigma	《4581》
e)mpeiri/a	《4586》
e)/mpeiros	《4587》
e)mph/gnumi	《4590》
e)mphda/w	《4591》
e)mpla/ssw	《4595》
e)/mpnous	《4603》
e)mpodi/zw	《4604》
e)mpoie/w	《4608》
e)mpola/w	《4609》
e)mporpa/w	《4615》
e)mpro/sqios	《4620》
e)/mpuros	《4625》
e)mfai/nw	《4626》
e)mfe/rw	《4632》
e)mfusio/w	《4637》
e)nagwni/zomai	《4643》
e)nakisxi/lioi	《4648》
e)nakou/w	《4649》
e)na/llomai	《4652》
e)nantio/omai	《4655》
e)napoqnh/skw	《4659》
e)nari/qmios	《4662》
e)narmo/zw	《4663》
e)nafi/hmi	《4668》
e)/ndeia	《4672》
e)ndelexh/s	《4678》
e)ndexome/nws	《4684》
e)ndiaba/llw	《4686》
e)ndiatri/bw	《4687》
e)/ndoqen	《4691》
e)/ndon	《4692》
e)nei/rw	《4708》
e)nenhkontaeth/s	《4714》
e)nerga/zomai	《4716》
e)nergo/s	《4719》
e)nexura/zw	《4722》
e)nexurasmo/s	《4725》
e)ne/xuron	《4726》
e)/nqa	《4731》
e)/nqesmos	《4735》
e)nqousia/zw	《4736》
e)nqu/mhma	《4740》
e)nqu/mios	《4741》
e)niau/sios	《4744》
e)ni/hmi	《4746》
e)/nioi	《4747》
e)ni/ote	《4748》
e)nneakai/deka	《4755》
e)nneosseu/w	《4759》
e)nnoe/w	《4762》
e)noiki/zw	《4773》
e)/noikos	《4774》
e)/noplos	《4776》
e)/norkos	《4778》
e)nsei/w	《4782》
e)nta/ssw	《4786》
e)nth/kw	《4795》
e)nti/qhmi	《4796》
e)ntima/w	《4797》
e)/nudros	《4814》
e)nupnia/zw	《4816》
e)cagoreu/w	《4831》
e)cagriai/nw	《4833》
e)cai/sios	《4840》
e(ca/kis	《4843》
e(cakisxi/lioi	《4844》
e)ca/leiptron	《4851》
e(ca/mhnos	《4860》
e)canali/skw	《4861》
e)canqe/w	《4864》
e)capi/nhs	《4869》
e)capo/llumi	《4870》
e)capore/w	《4871》
e)ca/ptw	《4874》
e)carke/w	《4878》
e)carne/omai	《4879》
e)carpa/zw	《4880》
e)carta/w	《4882》
e)ca/rxw	《4883》
e)caske/w	《4885》
e)cafi/hmi	《4888》
e)ce/dra	《4891》
e)celi/ssw	《4899》
e)ceme/w	《4901》
e)cerga/zomai	《4902》
e)cergastiko/s	《4903》
e)cereu/gomai	《4904》
e)ce/rpw	《4908》
e)ce/tasis	《4912》
e)cetasmo/s	《4913》
e)ceumeni/zw	《4914》
e)ceu/resis	《4915》
e)ceuri/skw	《4916》
e)ce/xw	《4917》
e)ch/ghsis	《4919》
e(chkosto/s	《4924》
e)chmero/w	《4926》
e)ci/hmi	《4929》
e)cikne/omai	《4930》
e)ciso/w	《4939》
e)codi/a	《4944》
e)co/dios	《4947》
e)co/zw	《4949》
e)coke/llw	《4951》
e)co/llumi	《4955》
e)co/mnumi	《4958》
e)comoio/w	《4959》
e)co/pisqen	《4962》
e)copli/zw	《4964》
e)corma/w	《4966》
e)pagei/rw	《4993》
e)pagwgh/	《4995》
e)pagwgo/s	《4996》
e)paei/dw	《4998》
e)pamu/nw	《5013》
e)panaire/omai	《5016》
e)panh/kw	《5024》
e)panqe/w	《5025》
e)pa/nodos	《5027》
e)panorqo/w	《5028》
e)pa/nwqen	《5032》
e)pa/rdw	《5037》
e)parh/gw	《5038》
e)/parxos	《5045》
e)pa/rxw	《5046》
e)pafi/hmi	《5051》
e)peggela/w	《5052》
e)pei/gw	《5055》
e)peise/rxomai	《5059》
e)peisfe/rw	《5060》
e)pelpi/zw	《5064》
e)pece/rxomai	《5066》
e)perei/dw	《5067》
e)peu/xomai	《5075》
e)ph/koos	《5077》
e)piba/qra	《5081》
e)pi/basis	《5084》
e)piba/ths	《5085》
e)pibio/w	《5087》
e)pibohqe/w	《5091》
e)pibolh/	《5093》
e)pibouleu/w	《5094》
e)pibri/qw	《5098》
e)pigami/a	《5100》
e)pigela/w	《5101》
e)pignw/mwn	《5106》
e)pigonh/	《5109》
e)pideh/s	《5111》
e)pi/deicis	《5113》
e)pide/katos	《5114》
e)pide/cios	《5116》
e)pi/dhlos	《5119》
e)pi/docos	《5124》
e)pizeu/gnumi	《5133》
e)piqe/w	《5139》
e)piqu/mhma	《5142》
e)pika/qhmai	《5149》
e)pi/kairos	《5152》
e)pikatalamba/nw	《5157》
e)piki/ndunos	《5162》
e)pi/klhsis	《5164》
e)pi/klhtos	《5165》
e)piklu/zw	《5167》
e)pikoima/omai	《5168》
e)pikoinwne/w	《5169》
e)pikosme/w	《5171》
e)pikra/teia	《5175》
e)pikra/thsis	《5177》
e)pikrema/nnumi	《5178》
e)pikrote/w	《5180》
e)pikrou/w	《5181》
e)pi/kthtos	《5182》
e)pila/mpw	《5186》
e)pi/lhptos	《5191》
e)pilogi/zomai	《5193》
e)pilupe/w	《5195》
e)pimai/nomai	《5196》
e)pimh/khs	《5202》
e)pimi/gnumi	《5203》
e)pimimnh/skomai	《5205》
e)pimi/c	《5206》
e)pimonh/	《5207》
e)pini/kios	《5213》
e)pinoe/w	《5214》
e)pinusta/zw	《5216》
e)piceno/omai	《5217》
e)piorki/a	《5219》
e)pipe/mpw	《5223》
e)pipe/tomai	《5224》
e)pi/plhcis	《5226》
e)piplhro/w	《5227》
e)pipola/zw	《5229》
e)pi/ponos	《5231》
e)piprosqe/w	《5233》
e)pirrai/nw	《5234》
e)pirre/w	《5236》
e)pirrw/nnumi	《5240》
e)pi/sagma	《5241》
e)pisei/w	《5243》
e)pishmai/nw	《5244》
e)pisiti/zomai	《5246》
e)pi/skeyis	《5252》
e)pispeu/dw	《5260》
e)pistate/w	《5265》
e)pisth/mh	《5267》
e)pistratei/a	《5274》
e)pisfragi/zw	《5288》
e)pi/tagma	《5291》
e)pitara/ssw	《5292》
e)pi/tasis	《5293》
e)pitei/nw	《5296》
e)pite/mnw	《5298》
e)piterph/s	《5299》
e)pithdeu/w	《5302》
e)pithre/w	《5303》
e)piti/mhsis	《5306》
e)piti/mion	《5308》
e)pi/timos	《5309》
e)pitomh/	《5310》
e)pifhmi/zw	《5323》
e)pifulli/s	《5326》
e)pifuteu/w	《5327》
e)pifu/w	《5328》
e)pixai/rw	《5330》
e)pixarh/s	《5331》
e)pi/xarma	《5332》
e)pi/xartos	《5333》
e)pixei/rhma	《5335》
e)pi/xeiron	《5336》
e)pixwre/w	《5340》
e)ponei/distos	《5347》
e)poptiko/s	《5351》
e)potru/nw	《5354》
e(ptaeth/s	《5358》
e(ptakai/deka	《5359》
e(ptakaide/katos	《5360》
e(pta/mhnos	《5366》
e(pta/purgos	《5371》
e)pwmi/s	《5374》
e)pw/numos	《5375》
e)rasth/s	《5379》
e)rgalei=on	《5384》
e)rga/simos	《5387》
e)rga/tis	《5391》
e)re/qisma	《5401》
e)/reisma	《5407》
e)/reuna	《5411》
e)riqeu/omai	《5424》
e)/riqos	《5425》
e)ru/qhma	《5444》
e)ruqria/w	《5445》
e)rumno/s	《5448》
e)rumno/ths	《5449》
e)ru/w1	《5451》
e)/rws	《5458》
e)rw/thma	《5460》
e(sperino/s	《5501》
e(/speros	《5502》
e(sti/a	《5512》
e)sxa/ra	《5514》
e)sw/tatos	《5524》
e(tai/ra	《5527》
e(tairi/zw	《5528》
e(tero/zugos	《5533》
e(te/rwqen	《5536》
eu)a/lwtos	《5550》
eu)andri/a	《5552》
eu)a/rmostos	《5556》
eu)=ge	《5557》
eu)ge/neia	《5558》
eu)gnwmosu/nh	《5562》
eu)/gnwstos	《5563》
eu)do/kimos	《5568》
eu)eidh/s	《5570》
eu)/elpis	《5572》
eu)eci/a	《5573》
eu)erge/thma	《5576》
eu)/zwnos	《5581》
eu)h/qhs	《5582》
eu)hmere/w	《5584》
eu)hmeri/a	《5585》
eu)qarsh/s	《5590》
eu)/quna	《5600》
eu)katafro/nhtos	《5615》
eu)ki/nhtos	《5616》
eu)kleh/s	《5617》
eu)/kleia	《5618》
eu)/kolos	《5620》
eu)kosmi/a	《5624》
eu)/kuklos	《5625》
eu)/lalos	《5630》
eu)mege/qhs	《5637》
eu)melh/s	《5638》
eu)me/neia	《5639》
eu)menh/s	《5641》
eu)meta/bolos	《5643》
eu)mh/khs	《5644》
eu)morfi/a	《5645》
eu)/morfos	《5646》
eu)nomi/a	《5649》
eu)/nous	《5650》
eu)odi/a	《5652》
eu)/odos	《5653》
eu)paqe/w	《5657》
eu)pa/rufos	《5658》
eu)praci/a	《5665》
eu)prosh/goros	《5669》
eu(/resis	《5672》
eu(reth/s	《5673》
eu(reto/s	《5674》
eu)=ros	《5677》
eu)/ruqmos	《5678》
eu)ru/s	《5679》
eu)/rwstos	《5682》
eu)/skios	《5690》
eu)sta/qeia	《5692》
eu)staqe/w	《5693》
eu)staqh/s	《5694》
eu)/stoxos	《5695》
eu)takte/w	《5701》
eu)taci/a	《5703》
eu)tekni/a	《5704》
eu)telh/s	《5705》
eu)tolmi/a	《5708》
eu)/tonos	《5710》
eu)trepi/zw	《5712》
eu)fhme/w	《5713》
eu)fro/sunos	《5718》
eu)fuh/s	《5719》
eu)/xaris	《5720》
eu)xerh/s	《5724》
eu)yuxi/a	《5730》
eu)/yuxos	《5731》
eu)w/dhs	《5733》
eu)wxe/w	《5737》
eu)wxi/a	《5738》
e)fa/ptw	《5743》
e)farmo/zw	《5744》
e)fe/lkw	《5745》
e)fe/stios	《5747》
e(fqo/s	《5753》
e)fikto/s	《5754》
e)/fippos	《5755》
e)fodeu/w	《5757》
e)fodia/zw	《5758》
e)fo/dion	《5759》
e)xqrai/nw	《5776》
e)xi=nos	《5780》
e)/xis	《5781》
e(/wlos	《5791》
zhlotupi/a	《5872》
zh/lwsis	《5874》
zugo/w	《5895》
zumi/ths	《5898》
zwgrafe/w	《5903》
zwgrafi/a	《5904》
zwgri/a	《5907》
zwmo/s	《5911》
zwpure/w	《5919》
zw/puron	《5920》
zwtiko/s	《5923》
h(gemoniko/s	《5929》
h(ghte/on	《5934》
h(/domai	《5941》
h(du/nw	《5943》
h(dupa/qeia	《5944》
h(du/s	《5945》
h(/dusma	《5946》
h(du/fwnos	《5948》
h(lia/zomai	《5967》
h(likiw/ths	《5972》
h(/meros	《5986》
h(mi/efqos	《5990》
h(ni/oxos	《6009》
h)/nustron	《6011》
h(/suxos	《6037》
h)xw/	《6047》
qa/lamos	《6068》
qala/ssios	《6070》
qallo/s	《6072》
qarsale/os	《6120》
qarsu/nw	《6127》
qaumasmo/s	《6137》
qe/mis	《6184》
qemito/s	《6185》
qera/paina	《6197》
qermasi/a	《6214》
qermo/s	《6217》
qermo/ths	《6218》
qe/sis	《6223》
qesmo/s	《6224》
qewro/s	《6229》
qh/r	《6243》
qh/reuma	《6245》
qhreuth/s	《6247》
qhriw/dhs	《6254》
qhsau/risma	《6257》
qi/asos	《6260》
qra/sos	《6297》
qrasuka/rdios	《6298》
qrasu/nw	《6299》
qrasu/s	《6300》
qrau=sma	《6302》
qrh/nhma	《6308》
qrhskeu/w	《6311》
qrule/w	《6317》
quei/a	《6322》
qula/kion	《6325》
qu/lakos	《6326》
qumw/dhs1	《6336》
qureofo/ros	《6339》
quro/w	《6341》
qu/rsos	《6342》
qwraki/zw	《6354》
i)atrei/a	《6456》
i)atrei=on	《6457》
i)atreu/w	《6458》
i)=bis	《6474》
i)gnu/a	《6479》
i)dio/ths	《6494》
i)diwtiko/s	《6496》
i(dro/w	《6506》
i(dru/w	《6507》
i(e/rac	《6603》
i(eratiko/s	《6608》
i(erosuli/a	《6640》
i(erourgi/a	《6642》
i(/hmi	《6696》
i(ketei/a	《6715》
i(keteu/w	《6716》
i(ke/ths	《6718》
i)/lh	《6733》
i)lu/s	《6736》
i)/ndalma	《6749》
i)ceuth/s	《6752》
i)obo/los	《6753》
i(ppa/zomai	《6782》
i(ppeu/w	《6787》
i)so/qeos	《6826》
i)so/moiros	《6827》
i)so/pedos	《6829》
i)so/w	《6837》
i(sti/on	《6847》
i(stori/a	《6849》
i(sto/s	《6850》
i)sxi/on	《6853》
i)sxno/fwnos	《6854》
i)tamo/s	《6864》
i)te/a	《6866》
i)xquhro/s	《6869》
i)xneuth/s	《6871》
i)xneu/w	《6872》
i)xw/r	《6874》
ka/dos	《6978》
kaqario/ths	《6986》
ka/qarsis	《6991》
kaqei=s	《6994》
kaqhgemw/n	《6997》
kaqhlo/w	《6999》
kaqidru/w	《7004》
kaqiza/nw	《7005》
kaqodhge/w	《7013》
ka/qodos	《7014》
kaqomologe/w	《7017》
kaqubri/zw	《7023》
kaqu/perqe	《7025》
kaqupno/w	《7026》
kaqustere/w	《7027》
kaini/zw	《7041》
kainourgo/s	《7044》
kai/rios	《7046》
kakhgore/w	《7053》
kaki/zw	《7055》
kakoh/qhs	《7057》
kakopragi/a	《7065》
kako/texnos	《7068》
kakourgi/a	《7069》
kako/frwn	《7072》
ka/laqos	《7077》
kala/minos	《7080》
kalami/skos	《7081》
kalli/pais	《7090》
kallonh/	《7092》
kaloka)gaqi/a	《7096》
ka/luc	《7100》
kalw/dion	《7104》
ka/mac	《7107》
kama/ra	《7108》
kampu/los	《7119》
ka/phlos	《7129》
ka/pparis	《7135》
ka/ptw	《7136》
karpo/w	《7173》
ka/rpwsis	《7175》
karteri/a	《7179》
kartero/s	《7180》
kasi/a	《7194》
kassi/teros	《7198》
katabibrw/skw	《7209》
katabio/w	《7210》
katabla/ptw	《7211》
kataboa/w	《7213》
katabo/hsis	《7214》
katabo/skw	《7216》
katage/lastos	《7221》
kata/gelws	《7223》
kata/gnwsis	《7228》
katagoreu/w	《7230》
katadapana/w	《7234》
katade/xomai	《7238》
katadromh/	《7246》
katadu/w	《7250》
kataqarsu/nw	《7251》
kataqu/mios	《7253》
kataide/omai	《7255》
kataiki/zw	《7256》
kataka/mptw	《7261》
kataklhro/w	《7275》
katakonduli/zw	《7281》
katakonti/zw	《7282》
katakosme/w	《7286》
katakrate/w	《7287》
katakta/omai	《7293》
kataktei/nw	《7294》
katakuli/ndw	《7295》
kataku/ptw	《7296》
katala/mpw	《7301》
katale/w	《7308》
katalh/gw	《7309》
kata/lhyis	《7310》
katalogi/zomai	《7316》
kataloxismo/s	《7319》
kata/lusis	《7321》
katameri/zw	《7327》
katametre/w	《7330》
katamhnu/w	《7332》
katami/gnumi	《7333》
katamwka/omai	《7335》
katanagka/zw	《7336》
katane/mw	《7339》
katantle/w	《7345》
katanu/w	《7348》
katacai/nw	《7350》
kata/cios	《7352》
katapai/zw	《7355》
katapalai/w	《7356》
katapa/ssw	《7359》
kata/pauma	《7363》
katapenqe/w	《7368》
katapeta/nnumi	《7369》
kataph/gnumi	《7371》
katapisteu/w	《7376》
katapla/ssw	《7377》
kata/plhcis	《7379》
kataplh/ssw	《7380》
katapoleme/w	《7382》
kata/ponos	《7384》
katapri/w	《7389》
kataprodi/dwmi	《7390》
katapth/ssw	《7392》
kata/ratos	《7398》
katarguro/w	《7401》
katarre/w	《7406》
katarrh/gnumi	《7407》
katarri/ptw	《7408》
kata/rrutos	《7409》
katasbe/nnumi	《7412》
katasiwpa/w	《7415》
kataskeu/asma	《7420》
kataskeuh/	《7421》
kataskhna/w	《7422》
kataspatala/w	《7430》
kataspei/rw	《7432》
kataspeu/dw	《7433》
kataspouda/zomai	《7434》
katastasia/zw	《7435》
kata/stasis	《7436》
katastratopedeu/w	《7443》
katasxi/zw	《7452》
katata/ssw	《7453》
katatei/nw	《7454》
katate/mnw	《7455》
katath/kw	《7457》
katatitrw/skw	《7460》
katatri/bw	《7464》
katatrw/gw	《7466》
katatugxa/nw	《7467》
katauga/zw	《7468》
kataferh/s	《7470》
katafqora/	《7475》
katafle/gw	《7477》
katafra/ssw	《7481》
katafro/nhsis	《7483》
katafugh/	《7485》
katafuteu/w	《7487》
kataxai/rw	《7488》
kataxalaza/w	《7489》
kataxalko/w	《7490》
kataxruso/w	《7496》
kataxwri/zw	《7499》
katayeu/domai	《7500》
katei=pon	《7504》
katelee/w	《7505》
katenanti/on	《7508》
katepei/gw	《7512》
kateufhme/w	《7524》
kateu/xomai	《7525》
kathfh/s	《7529》
katoiktei/rw	《7541》
katopteu/w	《7546》
ka/toptron	《7547》
kato/rqwsis	《7550》
ka/twqen	《7559》
katw/tatos	《7560》
kaulo/s	《7563》
kauth/rion	《7568》
ke/gxros	《7581》
ke/drinos	《7589》
kenew/n	《7608》
kenologe/w	《7611》
kenota/fion	《7613》
kente/w	《7615》
kera/sths	《7627》
kerauno/s	《7631》
kerauno/w	《7632》
ke/rkos	《7633》
khdei/a	《7646》
khdemoni/a	《7647》
khdemw/n	《7648》
khlido/w	《7651》
khli/s	《7652》
khmo/s	《7653》
khro/s	《7659》
ki/bdhlos	《7666》
ki/nhma	《7680》
kinhtiko/s	《7682》
kirna/w	《7688》
kissa/w	《7692》
kisso/s	《7693》
ki/wn	《7701》
klei=qron	《7708》
klhdw/n	《7719》
klhmati/s	《7721》
klhte/os	《7731》
klimakth/r	《7735》
kli/tos	《7740》
klw/qw	《7746》
klw/n	《7747》
knh/mh	《7750》
knhmi/s	《7751》
kni/dh	《7753》
kni/zw	《7755》
knw/dalon	《7756》
koinologe/omai	《7770》
kolakeu/w	《7787》
kola/ptw	《7788》
kollu/rion	《7794》
ko/lpwma	《7801》
komidh/	《7804》
ko/mma	《7806》
ko/mpos	《7807》
koni/a	《7811》
ko/nis	《7816》
konto/s1	《7817》
ko/pros	《7828》
kore/w1	《7835》
ko/rion1	《7838》
koru/nh	《7842》
ko/rus	《7843》
korw/nh	《7845》
ko/skinon	《7846》
kotu/lh	《7855》
koura/	《7859》
koureu/s	《7860》
kou=fos	《7863》
kradai/nw	《7867》
kraipala/w	《7869》
krath/r	《7880》
kratu/nw	《7884》
krea/gra	《7887》
kreanome/w	《7888》
kremasto/s	《7893》
krh/nh	《7896》
kri/kos	《7902》
kro/kh	《7911》
kroko/deilos	《7912》
kro/kos	《7913》
kro/mmuon	《7914》
kro/tafos	《7917》
krote/w	《7918》
krufai=os	《7927》
ktu/pos	《7942》
ku/aqos	《7943》
ku/amos	《7944》
kuberna/w	《7946》
ku/bos	《7949》
kudoime/w	《7951》
ku=dos	《7952》
ku/klos	《7957》
ku/klwsis	《7961》
ku/kneios	《7962》
ku/knos	《7963》
kumai/nw	《7969》
kunh/gion	《7975》
kuniko/s	《7977》
kuno/muia	《7978》
kuofore/w	《7979》
kupari/ssinos	《7981》
kupa/rissos	《7982》
kure/w	《7990》
kurto/s	《7999》
ku/tos	《8000》
ku/w	《8003》
kw/dion	《8005》
kw/dwn	《8006》
kw/qwn	《8007》
kwkuto/s	《8010》
kw/luma	《8018》
kwlutiko/s	《8019》
kwma/rxhs	《8021》
kw/ph	《8026》
kwphla/ths	《8027》
labh/	《8044》
la/bros	《8047》
lagw/n	《8053》
laqrai=os	《8058》
la/qrios	《8060》
laimargi/a	《8062》
la/lhma	《8072》
lampth/r	《8084》
la/c	《8089》
laceu/w	《8092》
la/ptw	《8096》
la/ros	《8097》
lato/mos	《8104》
la/tris	《8109》
le/aina	《8117》
leai/nw	《8118》
lehlate/w	《8126》
leitou/rghma	《8133》
leixh/n	《8138》
lei/xw	《8139》
leka/nh	《8140》
lelhqo/tws	《8141》
le/cis	《8144》
le/puron	《8155》
le/sxh	《8156》
leu/kwma	《8167》
lh/gw	《8173》
lhrw/dhs	《8178》
lh|steu/w	《8179》
lh|sth/rion	《8180》
liqourge/w	《8198》
liqw/dhs	《8201》
likmo/s	《8205》
limoktone/w	《8209》
limw/ssw	《8211》
li/ssomai	《8219》
litaneu/w	《8221》
lixnei/a	《8223》
lobo/s	《8229》
logei=on	《8231》
logisth/s	《8235》
lofia/	《8259》
lo/xos	《8261》
luqrw/dhs	《8267》
lumew/n	《8271》
lusitelh/s	《8280》
lw=ma	《8291》
lwpodute/w	《8292》
ma/1	《8295》
mageirei=on	《8341》
mageireu/w	《8342》
ma/geiros	《8344》
magiko/s	《8345》
mada/w	《8352》
ma/qhma	《8377》
maima/ssw	《8387》
maio/omai	《8390》
makario/ths	《8398》
makaristo/s	《8399》
makro/bios	《8412》
ma/la	《8433》
ma/ndra	《8473》
mania/khs	《8483》
maniw/dhs	《8485》
mantei/a	《8488》
mantei=on	《8489》
marma/rinos	《8515》
ma/ximos	《8603》
megalauxi/a	《8624》
megalo/docos	《8627》
megalopre/peia	《8632》
megalosqenh/s	《8641》
megalofrone/w	《8643》
megalo/frwn	《8644》
megalo/yuxos	《8645》
megalw/numos	《8649》
megalwsti/	《8651》
meqarmo/zw	《8664》
meqodeu/w	《8670》
me/qodos	《8671》
meidia/w	《8680》
meio/w	《8684》
meira/kion	《8685》
meiraki/skos	《8686》
mei=rac	《8687》
me/laqron	《8690》
melani/a	《8693》
me/leos	《8697》
mele/th	《8699》
meli/zw2	《8701》
me/lissa	《8702》
melw|de/w	《8721》
melw|di/a	《8722》
melw|do/s	《8723》
me/myis	《8729》
meshmbrino/s	《8759》
meso/ths	《8769》
metabolh/	《8784》
metadiaita/w	《8790》
metadiw/kw	《8792》
metai/tios	《8795》
metakomi/zw	《8799》
metalleu/w	《8802》
me/tallon	《8803》
metame/leia	《8804》
meta/melos	《8806》
metani/sthmi	《8808》
metapaideu/w	《8812》
metapei/qw	《8813》
metapi/ptw	《8815》
metaskeua/zw	《8816》
metastrofh/	《8818》
metatre/pomai	《8821》
metafe/rw	《8822》
meta/frasis	《8823》
meta/frenon	《8824》
mete/rxomai	《8827》
mete/wros	《8831》
metoike/w	《8833》
metoiki/a	《8834》
me/toikos	《8836》
metousi/a	《8837》
me/trhsis	《8841》
metria/zw	《8843》
me/trios	《8844》
mhdamo/qen	《8853》
mhniai=os	《8875》
mhni/skos	《8879》
mhni/w	《8880》
mhru/omai	《8888》
mhtrw=|os	《8896》
mhxana/omai	《8897》
mhxanh/	《8898》
mhxa/nhma	《8899》
miaifoni/a	《8901》
miaifo/nos	《8902》
miaro/s	《8906》
mikrolo/gos	《8914》
mikro/ths	《8916》
mi/ltos	《8920》
mi/mhma	《8922》
misa/nqrwpos	《8931》
misopo/nhros	《8946》
mi=sos	《8947》
mi/tra	《8950》
mnhsi/kakos	《8968》
mo/narxos	《8992》
monoh/meros	《8998》
mono/kerws	《8999》
monomaxe/w	《9000》
mono/tropos	《9004》
monofa/gos	《9006》
mo/nwsis	《9007》
mo/ros	《9017》
moxqe/w	《9037》
moxqhro/s	《9038》
muqolo/gos	《9048》
mui=a	《9050》
mukth/r	《9051》
mureyo/s	《9061》
muriopla/sios	《9064》
mu/rmhc	《9070》
mursi/nh	《9073》
mu=s	《9075》
mu/sos	《9078》
mu/stac	《9079》
mu/sths	《9081》
mu/stis	《9083》
muxo/s	《9084》
mwmhto/s	《9101》
na=ma	《9181》
na/ph	《9193》
nea/zw	《9228》
neaniko/s	《9230》
nebro/s	《9236》
nei=kos	《9246》
neogno/s	《9254》
neo/ktistos	《9255》
neo/w	《9261》
neu=ma	《9272》
neura/	《9273》
new/s	《9287》
newsti/	《9288》
newteri/zw	《9289》
nhkto/s	《9293》
nhpio/ths	《9296》
nh/xw	《9307》
ni/tron	《9319》
nifeto/s	《9320》
noero/s	《9326》
noh/mwn	《9329》
noqeu/w	《9331》
noma/s	《9334》
nomo/s	《9348》
nomofu/lac	《9350》
nosero/s	《9356》
nosseu/w	《9359》
nouqe/thma	《9368》
nouqe/thsis	《9369》
nukterino/s	《9375》
nukteri/s	《9376》
nuktiko/rac	《9377》
nu/ktwr	《9378》
nwtofo/ros	《9404》
canqi/zw	《9405》
canqo/s	《9407》
cenismo/s	《9412》
cenitei/a	《9413》
cenologe/w	《9414》
cenotrofe/w	《9416》
cesto/s	《9418》
cifhfo/ros	《9422》
ci/fos	《9423》
culoko/pos	《9426》
culofo/ros	《9429》
culo/w	《9430》
curo/n1	《9433》
cu/w	《9435》
o)beli/skos	《9440》
o)bolo/s	《9441》
o)gdohkosto/s	《9443》
o(dopoie/w	《9456》
o)dunhro/s	《9464》
o)du/romai	《9466》
o)/zos1	《9481》
oi)aki/zw	《9490》
oi)/ac	《9491》
oi)keio/ths	《9494》
oi)keio/w	《9495》
oi)ke/tis	《9498》
oi)/khsis	《9501》
oi)khto/s	《9503》
oi)kh/twr	《9504》
oi)ki/dion	《9506》
oi)ki/zw	《9507》
oi)kodo/mos	《9511》
oi)ko/pedon	《9515》
oi)/ktistos	《9522》
oi)=ktos	《9523》
oi)ktro/s	《9524》
oi)mwgh/	《9526》
oi)mw/zw	《9527》
oi)noxoe/w	《9532》
oi)=stros	《9537》
oi)w/nisma	《9542》
oi)wno/s	《9545》
o)kla/zw	《9547》
o)ktakisxi/lioi	《9551》
o)ktwkai/deka	《9556》
o)ktwkaide/katos	《9557》
o)/lbos	《9558》
o)le/qrios	《9562》
o)le/kw	《9565》
o)ligo/ths	《9570》
o)ligoxro/nios	《9571》
o)/llumi	《9584》
o)lolugmo/s	《9592》
o(lopo/rfuros	《9594》
o(losfu/rhtos	《9598》
o(losxerh/s	《9599》
o)lofu/romai	《9602》
o)/lura	《9605》
o(mali/zw	《9607》
o(/mhros	《9612》
o(moeqnh/s	《9621》
o(mo/logos	《9634》
o(monoe/w	《9638》
o(mo/noia	《9639》
o(mopa/trios	《9640》
o(more/w	《9641》
o(/moros	《9642》
o(mo/spondos	《9643》
o(mo/fulos	《9646》
o(mo/yhfos	《9647》
o)mfalo/s	《9650》
o)/mfac	《9651》
o)/nagros	《9653》
o)nei/disma	《9656》
o)/neiros	《9659》
o)cu/qumos	《9680》
o)cu/ths	《9683》
o(phni/ka	《9689》
o)pi/sqios	《9692》
o(plh/	《9698》
o(pli/ths	《9699》
o(ploqh/kh	《9701》
o(plofo/ros	《9706》
o(po/tan	《9708》
o)pta/zomai	《9711》
o)rganiko/s	《9726》
o)/rganon	《9727》
o)/rqios	《9737》
o)rqreu/w	《9741》
o(rismo/s	《9750》
o)rni/qion	《9764》
o(/ros	《9769》
o)/rofos	《9771》
o)rtugomh/tra	《9773》
o)/ruc	《9774》
o)rfani/a	《9778》
o(sio/w	《9784》
o)/sprion	《9790》
o)tru/nw	《9804》
ou)damou=	《9813》
ou(=per	《9836》
ou)ragi/a	《9841》
ou)re/w1	《9845》
ou)/rios1	《9850》
o)xei/a	《9880》
o)xuro/s	《9889》
o)xuro/w	《9890》
o)yi/zw	《9898》
o)/yon	《9903》
pagkrath/s	《9911》
paigni/a	《9921》
paidopoie/w	《9929》
paidopoii/a	《9930》
palaisth/	《9938》
palai/stra	《9939》
pallaki/s	《9944》
pambasileu/s	《9946》
pammigh/s	《9950》
pamplhqh/s	《9951》
pampoi/kilos	《9952》
pampo/nhros	《9953》
pa/mfulos	《9955》
pa/ndeinos	《9957》
pandhmei/	《9958》
panepi/skopos	《9961》
panhguri/zw	《9962》
pano/durtos	《9966》
pa/nsofos	《9973》
panteuxi/a	《9980》
pantodapo/s	《9982》
pantoi=os	《9985》
pa/nu	《9991》
panupe/rtatos	《9992》
pa/ppos	《9993》
pa/puros	《9994》
parable/pw	《10002》
para/ggelma	《10005》
para/deigma	《10008》
paradromh/	《10019》
parazeu/gnumi	《10020》
paraqermai/nw	《10026》
para/qesis	《10027》
parai/nesis	《10030》
paraire/w	《10032》
parai/tios	《10034》
paraka/qhmai	《10036》
parakaqi/sthmi	《10038》
paraka/lumma	《10040》
parakeleu/omai	《10045》
paraklei/w	《10046》
parakli/nw	《10050》
parakma/zw	《10051》
parakomi/zw	《10054》
paralei/pw	《10060》
para/llacis	《10065》
paralla/ssw	《10066》
paralogismo/s	《10068》
para/lusis	《10069》
paranali/skw	《10077》
para/nomos	《10080》
paracifi/s	《10082》
para/pan	《10083》
parape/mpw	《10084》
parape/tasma	《10085》
paraphda/w	《10086》
para/plhktos	《10090》
parapomph/	《10093》
para/ptwsis	《10096》
pararri/ptw	《10099》
para/rruma	《10100》
para/stasis	《10105》
paratre/xw	《10112》
para/frwn	《10117》
parafua/s	《10118》
paraxwre/w	《10120》
parda/leos	《10121》
paredreu/w	《10123》
pa/redros	《10124》
parei=don	《10125》
parektei/nw	《10129》
pare/lkw	《10131》
parempi/ptw	《10134》
parhgore/w	《10143》
parqe/neia	《10145》
parodeu/w	《10153》
paroimia/zw	《10161》
paroine/w	《10162》
paro/rasis	《10166》
parorma/w	《10170》
parwqe/w	《10175》
pa/ssw	《10179》
patra/delfos	《10191》
pa/trios	《10195》
pau=la	《10200》
pa/xnh	《10203》
pa/xos	《10204》
paxu/s	《10206》
peda/w	《10208》
pedh/ths	《10211》
peziko/s	《10217》
pezomaxi/a	《10218》
pezo/s	《10219》
peirath/s	《10229》
pe/las	《10232》
peleka/w	《10235》
pe/lekus	《10237》
peltasth/s	《10241》
pe/lth	《10242》
pe/luc	《10243》
pe/mma	《10244》
penqiko/s	《10252》
peni/a	《10254》
pe/nomai	《10256》
pentaeth/s	《10258》
penta/phxus	《10262》
pentekai/deka	《10267》
penthkontaeth/s	《10271》
penthko/ntarxos	《10272》
penthkosto/s	《10273》
pe/pwn	《10278》
pe/rdic	《10284》
peria/ptw	《10290》
peribio/w	《10295》
peri/bleptos	《10296》
peribo/htos	《10299》
peridu/w	《10309》
periektiko/s	《10311》
periergi/a	《10313》
perika/qhmai	《10324》
perikai/w	《10326》
perikei/rw	《10330》
perikla/w	《10332》
periklei/w	《10333》
periknhmi/s	《10335》
peri/loipos	《10345》
peri/metron	《10349》
perini/zw	《10350》
peri/odos2	《10353》
perioikodome/w	《10354》
peri/patos	《10363》
peripo/lion	《10369》
periporeu/omai	《10370》
peripo/rfuros	《10371》
perirrai/nw	《10374》
perirre/w	《10376》
periskelh/s1	《10379》
perispasmo/s	《10381》
peri/stasis	《10389》
periste/llw	《10390》
peristrofh/	《10396》
perisxi/zw	《10399》
periteixi/zw	《10400》
perife/reia	《10408》
periferh/s	《10409》
perifora/	《10411》
perifra/ssw	《10412》
perifuteu/w	《10414》
perixarako/w	《10418》
perixarh/s	《10419》
pe/talon	《10433》
peta/nnumi	《10435》
pe/tasos	《10436》
pe/tauron	《10437》
pe/trinos	《10444》
petrobo/los	《10445》
pe/tros	《10446》
peu/kh	《10447》
peu/kinos	《10448》
ph=gma	《10451》
phda/w	《10454》
ph/linos	《10456》
phlourgo/s	《10458》
ph=cis	《10459》
phro/w	《10461》
pi/qhkos	《10466》
pi/qos	《10467》
pi/ssa	《10482》
pi/turon	《10489》
plagia/zw	《10492》
plagio/w	《10494》
pla/nhsis	《10497》
pla/stigc	《10504》
pleista/kis	《10512》
pleona/kis	《10517》
pleuro/n	《10525》
plhqu/s	《10531》
plhmme/leia	《10533》
plhmmele/w	《10534》
plhmme/lhma	《10535》
plhmmelh/s	《10536》
plhsia/zw	《10546》
plhsi/os	《10548》
plo/kamos	《10557》
plokh/	《10558》
plwto/s	《10565》
pneu/mwn	《10569》
pnigmo/s	《10572》
po/a	《10575》
poda/gra	《10576》
podisth/r	《10578》
poqeino/s	《10579》
poqe/w	《10581》
poikili/a	《10586》
poiki/llw	《10587》
poi/kilma	《10588》
poikilth/s	《10590》
po/kos	《10600》
pole/mios	《10603》
poliorki/a	《10610》
polio/s	《10611》
politeu/w	《10615》
pollaxo/qen	《10618》
pollaxw=s	《10619》
pollosto/s	《10620》
polu/gonos	《10622》
polu/dakrus	《10623》
polueth/s	《10625》
poluh/meros	《10627》
polu/qrhnos	《10628》
poluke/falos	《10629》
polumerh/s	《10631》
polu/pais	《10635》
polupeiri/a	《10636》
polupla/sios	《10639》
polu/plokos	《10643》
polupragmone/w	《10644》
poluwre/w	《10653》
pompeu/w	《10655》
pontopore/w	《10663》
po/ntos	《10664》
poreuto/s	《10668》
pori/zw	《10670》
pornei=on	《10673》
porniko/s	《10676》
po/rph	《10679》
porfu/reos	《10683》
porfuri/s	《10684》
porfuri/wn	《10685》
posaxw=s	《10689》
po/thma1	《10698》
poto/s	《10703》
pragmatiko/s	《10712》
pra/son	《10720》
prato/s	《10722》
prau/nw	《10724》
prepo/ntws	《10727》
presbeuth/s	《10731》
pre/sbis2	《10732》
pre/sbus	《10733》
prh/qw	《10738》
pri=nos	《10743》
pri/w2	《10745》
proagwni/zomai	《10749》
proadike/w	《10750》
proai/resis	《10751》
proalh/s	《10754》
proapodei/knumi	《10759》
proapoqnh/skw	《10760》
proa/steion	《10762》
probasani/zw	《10765》
problh/s	《10772》
prodhlo/w	《10780》
prodosi/a	《10782》
proecaposte/llw	《10787》
prohgore/w	《10792》
proh/goros	《10793》
proh/kw	《10794》
proqume/omai	《10797》
proi/hmi	《10802》
prokaqhge/omai	《10804》
proka/qhmai	《10805》
prokaqi/zw	《10806》
prokatalamba/nw	《10809》
prokataskeua/zw	《10810》
prokri/nw	《10815》
promaxe/w	《10821》
promhnu/w	《10823》
pronomeu/w	《10826》
pronomh/	《10827》
pro/oida	《10830》
prooi/mion	《10831》
pro/pappos	《10833》
propi/ptw	《10837》
propomph/	《10838》
propra/ssw	《10840》
pro/pulon	《10843》
prosagge/llw	《10846》
prosana/basis	《10851》
prosacio/w	《10858》
prosapo/llumi	《10860》
prosaposte/llw	《10861》
prosbai/nw	《10864》
prosba/llw	《10865》
pro/sbasis	《10866》
prosbolh/	《10868》
prosgela/w	《10869》
prosgra/fw	《10871》
prosedri/a	《10880》
prosei=pon	《10881》
prose/ti	《10891》
proshko/ntws	《10896》
prosh/kw	《10897》
proshmai/nw	《10901》
proshnh/s	《10903》
pro/sqesis	《10905》
prosqe/w	《10906》
prosi/hmi	《10908》
proskaqi/sthmi	《10909》
proskai/w	《10911》
proskatalei/pw	《10914》
pro/skeimai	《10916》
pro/sklhsis	《10919》
proskli/nw	《10920》
proskrou/w	《10924》
prosku/nhsis	《10926》
prosku/ptw	《10927》
proslogi/zomai	《10931》
prosmarture/w	《10932》
prosmeidia/w	《10933》
prosne/mw	《10936》
prosnoe/w	《10937》
pro/sodos	《10938》
proso/zw	《10940》
prosonoma/zw	《10942》
prosora/w	《10943》
prosoxh/	《10944》
pro/soyis	《10948》
prospai/zw	《10949》
prosparakale/w	《10950》
prosrai/nw	《10956》
prostate/w	《10963》
prosta/ths	《10964》
prosfai/nomai	《10971》
prosfu/w	《10977》
prosxe/w	《10980》
pro/sxwma	《10982》
prosxwre/w	《10983》
proswpei=on	《10985》
prote/rhma	《10990》
protima/w	《10994》
protomh/	《10995》
profai/nw	《11001》
profasi/zomai	《11003》
profulakh/	《11012》
profu/lac	《11013》
profula/ssw	《11014》
pro/xeiros	《11017》
pru/tanis	《11019》
prw/hn	《11020》
prwtagwnisth/s	《11028》
prw/tarxos	《11029》
prwto/gonos	《11035》
ptai=sma	《11047》
ptarmo/s	《11049》
ptero/n	《11054》
pteru/ssomai	《11058》
pth/ssw	《11060》
*ptolemaiko/s	《11065》
ptuxh/	《11069》
pu/gargos	《11077》
puka/zw	《11080》
pulwro/s	《11084》
pu/cos	《11087》
purami/s	《11090》
purei=on	《11093》
puri/kaustos	《11096》
puriflegh/s	《11098》
purobo/los	《11099》
purofo/ros2	《11102》
purpole/w	《11105》
purseu/w	《11110》
purso/s1	《11111》
purfo/ros	《11112》
purw/dhs2	《11113》
pw/gwn	《11115》
r(aga/s	《11137》
r(a/|dios	《11148》
r(a|qumi/a	《11156》
r(ai/nw	《11158》
r(ani/s	《11176》
r(apto/s	《11184》
r(a/xis	《11209》
r(eu=ma	《11240》
r(h=sis	《11250》
r(hto/s	《11253》
r(i=gos	《11259》
r(i/zwma	《11262》
r(i/s	《11268》
r(o/don	《11281》
r(oize/w	《11285》
r(oi=zos	《11286》
r(o/palon	《11293》
r(oph/	《11294》
r(uqmi/zw	《11306》
r(uqmo/s	《11307》
r(u/w	《11314》
r(wmale/os	《11319》
r(w/mh	《11321》
r(w/c1	《11324》
*sabbati/zw	《11349》
sagh/	《11363》
saqro/s	《11381》
sambu/kh	《11458》
sani/dwma	《11492》
satrapei/a	《11554》
satra/phs	《11555》
sau/ra	《11563》
safh/s	《11577》
seli/s	《11651》
semnologe/w	《11681》
shko/s	《11735》
shmai/a	《11744》
sqe/nos	《11760》
sqe/nw	《11761》
sibu/nh	《11766》
sighro/s	《11769》
sidh/rion	《11772》
site/omai	《11806》
siti/on	《11808》
sitodei/a	《11810》
siwph/	《11819》
ska/llw	《11822》
skeua/zw	《11841》
skeuasi/a	《11842》
skiagra/fos	《11853》
skolio/ths	《11869》
skopeu/w	《11873》
skoph/	《11875》
skopia/	《11876》
skotomh/nh	《11888》
skuqrwpa/zw	《11896》
skuta/lh	《11904》
skw/ptw	《11907》
smh=gma	《11910》
smi=lac	《11912》
sofisth/s	《11983》
spai/rw	《11989》
spani/zw	《11991》
spa/nios	《11992》
spa/nis	《11993》
spa/rganon	《11995》
spasmo/s	《12000》
spata/lh	《12002》
speirhdo/n	《12005》
spiqamh/	《12013》
spinqh/r	《12015》
spodia/	《12020》
stagw/n	《12036》
sta/zw	《12038》
stai=s	《12042》
stalagmo/s	《12044》
stasia/zw	《12047》
sta/simos	《12048》
stafi/s	《12051》
stega/zw	《12056》
stegno/s	《12058》
stenakto/s	《12067》
ste/rgw	《12074》
steri/skw	《12079》
ste/rnon	《12080》
stefa/nh	《12081》
stefanhfore/w	《12082》
ste/fos	《12086》
ste/fw	《12087》
sthlo/w	《12094》
sth/mwn	《12095》
sth/rigma	《12097》
sti/bi	《12101》
stikto/s	《12105》
sti/xos	《12113》
stoiba/zw	《12115》
stoli/zw	《12121》
sto/los	《12124》
sto/mwma	《12126》
storgh/	《12127》
stoxa/zomai	《12129》
strathge/w	《12141》
strathgi/a	《12143》
stratopedei/a	《12149》
strato/s	《12152》
streblo/s	《12154》
stre/mma	《12157》
strepto/s	《12158》
strobe/w	《12163》
stroggu/los	《12165》
strouqo/s	《12167》
strofeu/s	《12168》
strofh/	《12169》
stro/figc	《12170》
stro/fos	《12171》
strw=ma	《12173》
stuge/w	《12176》
stugno/s	《12178》
suggnwsto/s	《12190》
suggrafeu/s	《12191》
suggrafh/	《12192》
suggra/fw	《12193》
sugkatami/gnumi	《12206》
sugkatesqi/w	《12209》
su/gkeimai	《12210》
sugkente/w	《12211》
sugkerauno/w	《12214》
sugklai/w	《12216》
sugkla/w	《12218》
su/gklhtos	《12225》
sugkolla/w	《12228》
su/gkrasis	《12231》
sugkrote/w	《12235》
sugkru/ptw	《12237》
sugkti/zw	《12239》
sugxwre/w	《12246》
suka/minon	《12252》
sukofa/nths	《12257》
su/llhyis	《12265》
sullogh/	《12266》
sullogismo/s	《12268》
sullu/w	《12273》
sumbio/w	《12281》
sumbolh/	《12287》
su/mbolon	《12289》
sumbouli/a	《12293》
summaxe/w	《12298》
summaxi/a	《12299》
summa/xomai	《12300》
su/mmaxos	《12301》
summete/xw	《12302》
summetri/a	《12303》
su/mmetros	《12304》
summigh/s	《12306》
summi/gnumi	《12307》
su/mmiktos	《12308》
su/mmicis	《12309》
summi/sgw	《12310》
sumpa/qeia	《12315》
sumpai/zw	《12318》
sumpari/sthmi	《12323》
su/mpas	《12324》
sumpate/w	《12326》
sumpei/qw	《12327》
sumperife/rw	《12330》
sumpoie/w	《12339》
sumpoleme/w	《12340》
sumpone/w	《12341》
sumposi/a	《12344》
sumpo/ths	《12346》
sumpragmateu/omai	《12347》
su/mptwma	《12351》
sumfero/ntws	《12352》
sumfeu/gw	《12354》
sumfle/gw	《12355》
sumfora/	《12357》
su/mforos	《12359》
sumfra/ssw	《12360》
sumfrone/w	《12361》
sumfu/rw	《12363》
sumya/w	《12371》
suna/|dw	《12377》
sunaine/w	《12379》
sunalge/w	《12381》
suna/llagma	《12382》
sunaloa/w	《12383》
sunanafu/rw	《12393》
suna/ptw	《12404》
sunariqme/w	《12405》
sunarxi/a	《12407》
sunaspi/zw	《12408》
sunauli/zomai	《12409》
sunafi/sthmi	《12411》
sunda/knw	《12413》
sundeipne/w	《12414》
su/ndeipnos	《12415》
sundiw/kw	《12418》
sundra/w	《12420》
sundua/zw	《12422》
suneggi/zw	《12423》
su/neggus	《12424》
sunedreu/w	《12426》
sunedri/a	《12427》
su/nedros	《12430》
suneqi/zw	《12431》
sunei=pon	《12436》
sunektre/fw	《12441》
sune/lkw	《12446》
sunece/rxomai	《12447》
sunecorma/w	《12448》
sunepakolouqe/w	《12449》
sunepi/stamai	《12451》
sunepisxu/w	《12452》
sune/tairos	《12462》
sunexh/s	《12468》
sunh/qhs	《12471》
sunhxe/w	《12473》
su/nqesis	《12475》
su/nqetos	《12476》
sunqh/kh	《12477》
su/nqhma	《12478》
suni/stwr	《12483》
sunnefh/s	《12485》
sunnoe/w	《12486》
su/nnous	《12487》
sunoi/khsis	《12494》
sunoiki/zw	《12495》
su/nolos	《12499》
sunomologe/w	《12500》
su/ntagma	《12505》
su/ntacis	《12506》
suntara/ssw	《12507》
su/ntomos	《12515》
suntre/fw	《12517》
suntrofi/a	《12524》
suntroxa/zw	《12526》
sunufai/nw	《12528》
sunwri/s	《12531》
su/rigma	《12535》
surigmo/s	《12536》
suri/zw	《12538》
surismo/s	《12539》
*suristi/	《12540》
surra/ptw	《12542》
suskh/nia	《12546》
su/skhnos	《12547》
suskia/zw	《12549》
su/skios	《12550》
suspa/w	《12552》
su/stremma	《12561》
susfi/ggw	《12564》
suxno/s	《12567》
sfakeli/zw	《12573》
sfalero/s	《12574》
sfa/llw	《12575》
sfendona/w	《12577》
sfendonh/ths	《12579》
sfh/n	《12581》
sfh/c	《12583》
sfi/ggw	《12585》
sfodro/s	《12587》
sfo/ndulos	《12589》
sfu=ra	《12592》
sxa/zw	《12595》
sxedi/a	《12597》
sxetlia/zw	《12599》
sxe/tlios	《12600》
sxi/dac	《12602》
sxi/za	《12603》
sxi=nos	《12605》
sxisto/s	《12609》
sxoinismo/s	《12612》
sxolasth/s	《12615》
swmatopoie/w	《12639》
swrhdo/n	《12644》
swro/s	《12650》
taini/a	《12690》
taktiko/s	《12691》
ta/las	《12698》
tami/as	《12701》
tamieu/w	《12703》
tanu/w	《12710》
tapeino/ths	《12715》
tapeino/frwn	《12716》
taraxw/dhs	《12724》
tarixeu/w	《12725》
tarso/s	《12727》
*ta/rtaros	《12728》
taurhdo/n	《12733》
ta/fros	《12741》
te/gos	《12752》
tei/nw	《12754》
teixh/rhs	《12756》
teknofo/nos	《12763》
tektoniko/s	《12765》
telamw/n	《12768》
telesfo/ros	《12778》
teleth/	《12779》
teleutai=os	《12780》
te/menos	《12790》
te/nwn	《12792》
terateu/omai	《12795》
te/rma	《12801》
terpno/s	《12802》
te/ryis	《12805》
tessarakosto/s	《12807》
tetagme/nws	《12810》
tetra/draxmon	《12813》
tetrai/nw	《12814》
tetrakismu/rioi	《12815》
tetra/pedos	《12821》
teu/xw	《12826》
te/fra	《12827》
texna/zw	《12829》
texna/omai	《12830》
texni=tis	《12833》
thkto/s	《12838》
thlaugh/s	《12841》
tia/ra	《12846》
ti/mhma	《12857》
titrw/skw	《12871》
tmhto/s	《12872》
toi=os	《12876》
toka/s	《12880》
to/lma	《12884》
tolmhro/s	《12887》
tolu/ph	《12889》
tomh/	《12890》
to/nos	《12894》
toceu/w	《12896》
tociko/s	《12897》
toreuto/s	《12904》
to/sos	《12906》
trage/lafos	《12916》
traxu/ths	《12926》
tre/pw	《12929》
tre/w	《12932》
triaka/s	《12933》
triakosto/s	《12937》
tri/bw	《12940》
tri/bwn2	《12941》
trih/rhs	《12945》
trikumi/a	《12946》
trio/dous	《12949》
triplo/os	《12951》
trisa/qlios	《12954》
trismu/rioi	《12958》
trisso/s	《12960》
tritai=os	《12966》
tri/xwma	《12972》
trome/w	《12974》
tro/paion	《12976》
trope/w	《12977》
tropo/w2	《12981》
trofofore/w	《12986》
troxi/zw	《12991》
troxio/s	《12992》
trufero/s	《13006》
tru/fhma	《13009》
trw/glh	《13012》
tulo/w	《13016》
tupo/w	《13021》
turanniko/s	《13024》
turanni/s	《13025》
turo/s	《13029》
tu=fos	《13033》
u(/aina	《13045》
u(bristiko/s	《13053》
u(/bristos	《13054》
u(grai/nw	《13061》
u(drofo/ros	《13070》
u(/eios	《13072》
u(lakte/w	《13076》
u(loto/mos	《13078》
u(lw/dhs	《13079》
u(me/naios	《13082》
u(mnhto/s	《13087》
u(mnw|de/w	《13090》
u(pagoreu/w	《13092》
u(/paiqros	《13094》
u(/par	《13100》
u(/parxos	《13103》
u(paspisth/s	《13105》
u(/patos	《13106》
u(pekre/w	《13108》
u(pera/llomai	《13117》
u(perei/dw	《13131》
u(perhfane/w	《13137》
u(peri/hmi	《13143》
u(pe/rkeimai	《13145》
u(permaxe/w	《13148》
u(pe/rmaxos	《13149》
u(permege/qhs	《13150》
u(permh/khs	《13151》
u(perth/kw	《13159》
u(perti/qhmi	《13160》
u(pertima/w	《13161》
u(perfe/rw	《13165》
u(perfwne/w	《13168》
u(pe/rxomai	《13171》
u(peu/qunos	《13173》
u(phresi/a	《13177》
u(pisxne/omai	《13180》
u(pnw/dhs	《13183》
u(poble/pw	《13186》
u(po/geios	《13187》
u(pogra/fw	《13189》
u(podu/ths	《13196》
u(podu/w	《13197》
u(po/qesis	《13201》
u(pokai/w	《13202》
u(po/keimai	《13206》
u(po/loipos	《13215》
u(po/mnhma	《13221》
u(ponu/ssw	《13231》
u(popi/ptw	《13232》
u(popteu/w	《13234》
u(/poptos	《13235》
u(porra/ptw	《13237》
u(poshmai/nw	《13238》
u(poskeli/zw	《13239》
u(posthri/zw	《13245》
u(po/sxesis	《13249》
u(pourgo/s	《13253》
u(pofai/nw	《13254》
u(po/fausis	《13255》
u(po/xrews	《13260》
u(poyi/a	《13263》
u(ptia/zw	《13264》
u(/ptios	《13265》
u(pw/pion	《13266》
u(fai/nw	《13275》
u(faire/w	《13276》
u(fa/nths	《13277》
u(fa/ptw	《13279》
u(/fasma	《13280》
u(fora/w	《13282》
u(/w	《13292》
faidro/s	《13309》
fa/lagc	《13320》
falakro/s	《13323》
fanta/zomai	《13346》
farmakeu/w	《13367》
fa/rmakon	《13369》
fa/rugc	《13375》
fa/sma	《13385》
faulo/ths	《13399》
feidw/	《13407》
feidwlo/s	《13408》
feukto/s	《13434》
fqe/gma	《13443》
fqonero/s	《13448》
filanqrwpe/w	《13461》
fila/nqrwpos	《13463》
filarxi/a	《13468》
filoge/wrgos	《13477》
filodoci/a	《13479》
filo/kosmos	《13480》
filomaqe/w	《13481》
filomaqh/s	《13482》
filomh/twr	《13484》
filoneike/w	《13485》
filopoli/ths	《13489》
filopone/w	《13490》
filoponi/a	《13491》
filosofe/w	《13493》
filostorgi/a	《13496》
filotimi/a	《13501》
filo/timos	《13502》
filo/yuxos	《13506》
fi/ltron	《13507》
fimo/s	《13508》
flegmai/nw	《13516》
fle/gw	《13518》
fle/y	《13519》
flia/	《13520》
floio/s	《13523》
foiba/w	《13536》
fora/	《13551》
forei=on	《13553》
forologe/w	《13556》
forolo/gos	《13559》
fri/kh	《13580》
frikto/s	《13581》
frikw/dhs	《13583》
fronti/s	《13591》
froura/	《13593》
frou/rion	《13596》
fru/gw	《13603》
fugadeu/w	《13606》
fuga/s	《13608》
fuh/	《13610》
fu=kos	《13611》
fu/larxos	《13618》
fu=lon	《13623》
fu/rdhn	《13627》
fu/rw	《13630》
fushth/r	《13632》
fu/teuma	《13635》
xalepai/nw	《13681》
xa/lic	《13686》
xalkei=on	《13688》
xa/lkeios	《13689》
xalkeu/w	《13692》
xamaile/wn	《13702》
xamaipeth/s	《13703》
xaradrio/s	《13722》
xarako/w	《13726》
xara/kwsis	《13728》
xara/ssw	《13730》
xari/eis	《13733》
xaristh/rios	《13736》
xarmonh/	《13745》
xarmo/sunos	《13747》
xa/skw	《13765》
xau=nos	《13772》
xeime/rios	《13785》
xeironomi/a	《13793》
xeirotoni/a	《13797》
xeiro/w2	《13798》
xelidw/n	《13809》
xelw/nh	《13822》
xersai=os	《13831》
xerseu/w	《13832》
xe/rsos	《13834》
xhrei/a	《13849》
xhreu/w	《13852》
xqizo/s	《13854》
xiliarxi/a	《13856》
xi/lios	《13861》
xi/maira	《13863》
xi/maros	《13864》
xlai=na	《13871》
xleuasmo/s	《13875》
xlohfo/ros	《13878》
xlwro/ths	《13881》
xo/los	《13903》
xordh/	《13907》
xorei/a	《13908》
xoreu/w	《13910》
xorhgi/a	《13912》
xorhgo/s	《13913》
xo/rion	《13914》
xortasi/a	《13920》
xo/w	《13935》
xremeti/zw	《13939》
xre/os	《13942》
xrhmatisth/rion	《13951》
xrhsimeu/w	《13952》
xrusoeidh/s	《13973》
xrusofore/w	《13977》
xrusoxa/linos	《13978》
xrusoxo/os	《13979》
xru/swma	《13981》
xulo/s	《13985》
xuto/s	《13988》
xwlai/nw	《13998》
xwneu/w	《14010》
yali/s	《14020》
ya/mmos	《14029》
yau/w	《14032》
yeka/s	《14033》
yelli/zw	《14035》
yeudologe/w	《14039》
yh/fisma	《14050》
yiquri/zw	《14053》
yi/quros	《14055》
yilo/s	《14056》
yofe/w	《14063》
yo/fos	《14064》
yukth/r	《14067》
yuxagwgi/a	《14069》
yw/ra	《14079》
w)|do/s	《14096》
w)qe/w	《14100》
w)/moi	《14112》
w)mo/ths	《14115》
w)mo/frwn	《14117》
w(raio/ths	《14133》
w(/rimos	《14139》
w)fe/lhma	《14172》
w)xro/s	《14176》
