A.	＊
A.APM	＊
A.APN	＊
A.ASF	＊
A.ASN	＊
A.DSM	＊
A.NSN	＊
A1.APF	＊
A1.APFC	＊
A1.APFS	＊
A1.APM	＊
A1.APMC	＊
A1.APMS	＊
A1.APN	＊
A1.APNC	＊
A1.APNS	＊
A1.ASF	＊
A1.ASFC	＊
A1.ASFS	＊
A1.ASM	＊
A1.ASMC	＊
A1.ASMS	＊
A1.ASN	＊
A1.ASNC	＊
A1.ASNS	＊
A1.B	＊
A1.D	＊
A1.DP	＊
A1.DPF	＊
A1.DPFS	＊
A1.DPM	＊
A1.DPMS	＊
A1.DPN	＊
A1.DPNS	＊
A1.DS	＊
A1.DSF	＊
A1.DSFS	＊
A1.DSM	＊
A1.DSMS	＊
A1.DSN	＊
A1.DSNS	＊
A1.GPF	＊
A1.GPFS	＊
A1.GPM	＊
A1.GPMS	＊
A1.GPN	＊
A1.GPNC	＊
A1.GPNS	＊
A1.GSF	＊
A1.GSFS	＊
A1.GSM	＊
A1.GSMS	＊
A1.GSN	＊
A1.GSNS	＊
A1.NPF	＊
A1.NPFC	＊
A1.NPFS	＊
A1.NPM	＊
A1.NPMC	＊
A1.NPMS	＊
A1.NPN	＊
A1.NPNC	＊
A1.NPNS	＊
A1.NSF	＊
A1.NSFC	＊
A1.NSFS	＊
A1.NSM	＊
A1.NSMC	＊
A1.NSMS	＊
A1.NSN	＊
A1.NSNC	＊
A1.NSNS	＊
A1.VPM	＊
A1.VSF	＊
A1.VSM	＊
A1.VSMS	＊
A1A.APF	＊
A1A.APFC	＊
A1A.APM	＊
A1A.APMC	＊
A1A.APMS	＊
A1A.APN	＊
A1A.APNC	＊
A1A.APNS	＊
A1A.ASF	＊
A1A.ASFC	＊
A1A.ASFS	＊
A1A.ASM	＊
A1A.ASMC	＊
A1A.ASN	＊
A1A.ASNC	＊
A1A.ASNS	＊
A1A.B	＊
A1A.DPF	＊
A1A.DPM	＊
A1A.DPMC	＊
A1A.DPMS	＊
A1A.DPN	＊
A1A.DSF	＊
A1A.DSFC	＊
A1A.DSM	＊
A1A.DSMC	＊
A1A.DSMS	＊
A1A.DSN	＊
A1A.GPF	＊
A1A.GPM	＊
A1A.GPMC	＊
A1A.GPMS	＊
A1A.GPN	＊
A1A.GSF	＊
A1A.GSFC	＊
A1A.GSFS	＊
A1A.GSM	＊
A1A.GSMC	＊
A1A.GSN	＊
A1A.GSNC	＊
A1A.NPF	＊
A1A.NPFC	＊
A1A.NPM	＊
A1A.NPMC	＊
A1A.NPN	＊
A1A.NSF	＊
A1A.NSFC	＊
A1A.NSFS	＊
A1A.NSM	＊
A1A.NSMC	＊
A1A.NSMS	＊
A1A.NSN	＊
A1A.NSNC	＊
A1A.P	＊
A1A.VPM	＊
A1A.VPNS	＊
A1A.VSF	＊
A1A.VSM	＊
A1A.VSMC	＊
A1A.VSMS	＊
A1A.VSN	＊
A1B.APF	＊
A1B.APM	＊
A1B.APMC	＊
A1B.APMS	＊
A1B.APN	＊
A1B.ASF	＊
A1B.ASM	＊
A1B.ASMC	＊
A1B.ASN	＊
A1B.ASNS	＊
A1B.B	＊
A1B.DPF	＊
A1B.DPM	＊
A1B.DPMC	＊
A1B.DPN	＊
A1B.DSF	＊
A1B.DSFS	＊
A1B.DSM	＊
A1B.DSMS	＊
A1B.DSN	＊
A1B.DSNS	＊
A1B.GPF	＊
A1B.GPFC	＊
A1B.GPM	＊
A1B.GPMC	＊
A1B.GPN	＊
A1B.GSF	＊
A1B.GSM	＊
A1B.GSMS	＊
A1B.GSN	＊
A1B.NPF	＊
A1B.NPFC	＊
A1B.NPM	＊
A1B.NPMC	＊
A1B.NPN	＊
A1B.NPNC	＊
A1B.NSF	＊
A1B.NSFC	＊
A1B.NSFS	＊
A1B.NSM	＊
A1B.NSMC	＊
A1B.NSMS	＊
A1B.NSN	＊
A1B.NSNC	＊
A1B.NSNS	＊
A1B.VPM	＊
A1B.VPN	＊
A1B.VSF	＊
A1B.VSM	＊
A1B.VSMC	＊
A1B.VSN	＊
A1C.APF	＊
A1C.APM	＊
A1C.APN	＊
A1C.ASF	＊
A1C.ASM	＊
A1C.ASN	＊
A1C.DPF	＊
A1C.DPM	＊
A1C.DPN	＊
A1C.DSF	＊
A1C.DSM	＊
A1C.DSN	＊
A1C.GPF	＊
A1C.GPM	＊
A1C.GPN	＊
A1C.GSF	＊
A1C.GSM	＊
A1C.GSN	＊
A1C.NPF	＊
A1C.NPM	＊
A1C.NPN	＊
A1C.NSF	＊
A1C.NSM	＊
A1C.NSN	＊
A1H.NSF	＊
A1P.	＊
A1P.APM	＊
A1P.APN	＊
A1P.ASM	＊
A1P.ASN	＊
A1P.DPM	＊
A1P.DPN	＊
A1P.DSM	＊
A1P.GSM	＊
A1P.NPM	＊
A1P.NPN	＊
A1P.NSM	＊
A1P.NSN	＊
A1S.APF	＊
A1S.APM	＊
A1S.APN	＊
A1S.ASF	＊
A1S.ASN	＊
A1S.DPF	＊
A1S.DSF	＊
A1S.DSM	＊
A1S.GPF	＊
A1S.GPM	＊
A1S.GPN	＊
A1S.GSF	＊
A1S.GSM	＊
A1S.GSN	＊
A1S.NPF	＊
A1S.NPM	＊
A1S.NPN	＊
A1S.NSF	＊
A1S.NSM	＊
A1S.NSN	＊
A3.	＊
A3.APF	＊
A3.APM	＊
A3.APN	＊
A3.APNC	＊
A3.ASF	＊
A3.ASM	＊
A3.ASN	＊
A3.ASNC	＊
A3.DPF	＊
A3.DPM	＊
A3.DPN	＊
A3.DSF	＊
A3.DSM	＊
A3.DSN	＊
A3.GPF	＊
A3.GPM	＊
A3.GPN	＊
A3.GSF	＊
A3.GSM	＊
A3.GSN	＊
A3.NPF	＊
A3.NPM	＊
A3.NPMC	＊
A3.NPMS	＊
A3.NPN	＊
A3.NSF	＊
A3.NSM	＊
A3.NSMC	＊
A3.NSN	＊
A3.VPM	＊
A3.VSM	＊
A3C.APF	＊
A3C.APM	＊
A3C.APMC	＊
A3C.APN	＊
A3C.ASF	＊
A3C.ASFC	＊
A3C.ASM	＊
A3C.ASMC	＊
A3C.ASN	＊
A3C.DPM	＊
A3C.DSF	＊
A3C.DSFC	＊
A3C.DSM	＊
A3C.DSMC	＊
A3C.GPF	＊
A3C.GPM	＊
A3C.GPN	＊
A3C.GSMC	＊
A3C.NPF	＊
A3C.NPM	＊
A3C.NPMC	＊
A3C.NPN	＊
A3C.NSF	＊
A3C.NSFC	＊
A3C.NSM	＊
A3C.NSMC	＊
A3C.NSN	＊
A3E.ASN	＊
A3E.NPM	＊
A3G.NSM	＊
A3H.APF	＊
A3H.APFC	＊
A3H.APM	＊
A3H.APN	＊
A3H.ASF	＊
A3H.ASM	＊
A3H.ASMS	＊
A3H.ASN	＊
A3H.ASNC	＊
A3H.ASNS	＊
A3H.B	＊
A3H.DPF	＊
A3H.DPM	＊
A3H.DPMS	＊
A3H.DPN	＊
A3H.DPNS	＊
A3H.DSF	＊
A3H.DSM	＊
A3H.DSN	＊
A3H.GPF	＊
A3H.GPM	＊
A3H.GPN	＊
A3H.GPNS	＊
A3H.GSF	＊
A3H.GSFS	＊
A3H.GSM	＊
A3H.GSN	＊
A3H.NPF	＊
A3H.NPM	＊
A3H.NPMS	＊
A3H.NPN	＊
A3H.NSF	＊
A3H.NSFC	＊
A3H.NSFS	＊
A3H.NSM	＊
A3H.NSMC	＊
A3H.NSN	＊
A3H.NSNC	＊
A3H.VSMS	＊
A3L.APM	＊
A3L.APN	＊
A3L.ASM	＊
A3L.ASN	＊
A3L.GSM	＊
A3L.NSM	＊
A3L.NSN	＊
A3M.APN	＊
A3M.ASN	＊
A3N.APM	＊
A3N.APN	＊
A3N.ASF	＊
A3N.ASM	＊
A3N.ASN	＊
A3N.DPF	＊
A3N.DPM	＊
A3N.DSF	＊
A3N.DSM	＊
A3N.DSN	＊
A3N.GPF	＊
A3N.GPM	＊
A3N.GSM	＊
A3N.NPF	＊
A3N.NPM	＊
A3N.NPMS	＊
A3N.NPN	＊
A3N.NSF	＊
A3N.NSM	＊
A3N.NSMS	＊
A3N.NSN	＊
A3P.ASN	＊
A3P.DPM	＊
A3P.NSM	＊
A3P.NSN	＊
A3S.NSM	＊
A3T.NSM	＊
A3U.APF	＊
A3U.APM	＊
A3U.APN	＊
A3U.ASF	＊
A3U.ASFC	＊
A3U.ASM	＊
A3U.ASN	＊
A3U.B	＊
A3U.DPF	＊
A3U.DPM	＊
A3U.DSF	＊
A3U.DSM	＊
A3U.DSN	＊
A3U.GPF	＊
A3U.GPM	＊
A3U.GSF	＊
A3U.GSM	＊
A3U.GSN	＊
A3U.NPF	＊
A3U.NPM	＊
A3U.NPN	＊
A3U.NPNC	＊
A3U.NSF	＊
A3U.NSM	＊
A3U.NSN	＊
A3U.NSNC	＊
AA.ASM	＊
AS.ASN	＊
ASH.NPM	＊
C.	＊
C+D.	＊
C+R.AS	＊
C+R.DPM	＊
C+R.DS	＊
C+R.GS	＊
C+R.GSM	＊
C+R.NPM	＊
C+R.NS	＊
C+R.NSM	＊
C+X.	＊
D.	＊
D.APN	＊
D.DSF	＊
D.P	＊
I.	＊
M.	＊
M.ADF	＊
M.ADM	＊
M.ADN	＊
M.APF	＊
M.APM	＊
M.ASN	＊
M.DP	＊
M.DPF	＊
M.DPM	＊
M.DPN	＊
M.DS	＊
M.DSF	＊
M.GDF	＊
M.GDM	＊
M.GDN	＊
M.GPF	＊
M.GSF	＊
M.GSM	＊
M.NDF	＊
M.NDM	＊
M.NDN	＊
M.NPF	＊
M.NPM	＊
M.NSM	＊
M3M.ASN	＊
M3M.NPN	＊
N.	＊
N.S	＊
N.SF	＊
N.SM	＊
N.SN	＊
N.A	＊
N.AAN	＊
N.AP	＊
N.APF	＊
N.APM	＊
N.APN	＊
N.AS	＊
N.ASF	＊
N.ASM	＊
N.ASN	＊
N.D	＊
N.DP	＊
N.DPF	＊
N.DPM	＊
N.DPN	＊
N.DS	＊
N.DSF	＊
N.DSM	＊
N.DSN	＊
N.G	＊
N.G/D	＊
N.GP	＊
N.GPF	＊
N.GPM	＊
N.GPN	＊
N.GS	＊
N.GSF	＊
N.GSM	＊
N.GSN	＊
N.N	＊
N.NM	＊
N.NP	＊
N.NPF	＊
N.NPM	＊
N.NPN	＊
N.NS	＊
N.NSF	＊
N.NSM	＊
N.NSN	＊
N.VPF	＊
N.VPM	＊
N.VPN	＊
N.VS	＊
N.VSF	＊
N.VSM	＊
N1.APF	＊
N1.APM	＊
N1.APN	＊
N1.AS	＊
N1.ASF	＊
N1.ASM	＊
N1.ASN	＊
N1.DPF	＊
N1.DPM	＊
N1.DS	＊
N1.DSF	＊
N1.GPF	＊
N1.GPM	＊
N1.GPN	＊
N1.GS	＊
N1.GSF	＊
N1.GSM	＊
N1.NPF	＊
N1.NPM	＊
N1.NPN	＊
N1.NS	＊
N1.NSF	＊
N1.NSM	＊
N1.VPF	＊
N1.VSF	＊
N1A.DSF	＊
N1A.APF	＊
N1A.APN	＊
N1A.ASF	＊
N1A.ASN	＊
N1A.DPF	＊
N1A.DS	＊
N1A.DSF	＊
N1A.DSM	＊
N1A.DSN	＊
N1A.GPF	＊
N1A.GS	＊
N1A.GSF	＊
N1A.NPF	＊
N1A.NPM	＊
N1A.NPN	＊
N1A.NSF	＊
N1A.NSM	＊
N1A.VPF	＊
N1A.VPM	＊
N1A.VPN	＊
N1A.VSF	＊
N1M.APF	＊
N1M.APM	＊
N1M.ASM	＊
N1M.DPM	＊
N1M.DSM	＊
N1M.GPM	＊
N1M.GSF	＊
N1M.GSM	＊
N1M.NPM	＊
N1M.NPN	＊
N1M.NSF	＊
N1M.NSM	＊
N1M.NSN	＊
N1M.VPM	＊
N1M.VSM	＊
N1S.APF	＊
N1S.ASF	＊
N1S.ASM	＊
N1S.DPF	＊
N1S.DSF	＊
N1S.GPF	＊
N1S.GPM	＊
N1S.GS	＊
N1S.GSF	＊
N1S.GSM	＊
N1S.NPF	＊
N1S.NSF	＊
N1S.NSM	＊
N1S.VPF	＊
N1T.APM	＊
N1T.ASM	＊
N1T.ASN	＊
N1T.DPM	＊
N1T.DSM	＊
N1T.GPM	＊
N1T.GSM	＊
N1T.NPM	＊
N1T.NS	＊
N1T.NSM	＊
N1T.VPM	＊
N1T.VSM	＊
N2.AP	＊
N2.APF	＊
N2.APM	＊
N2.APMC	＊
N2.APN	＊
N2.AS	＊
N2.ASF	＊
N2.ASM	＊
N2.ASN	＊
N2.DP	＊
N2.DPF	＊
N2.DPM	＊
N2.DPN	＊
N2.DS	＊
N2.DSF	＊
N2.DSM	＊
N2.DSN	＊
N2.GP	＊
N2.GPF	＊
N2.GPM	＊
N2.GPMS	＊
N2.GPN	＊
N2.GS	＊
N2.GSF	＊
N2.GSM	＊
N2.GSN	＊
N2.NP	＊
N2.NPF	＊
N2.NPM	＊
N2.NPN	＊
N2.NS	＊
N2.NSF	＊
N2.NSM	＊
N2.NSN	＊
N2.VPM	＊
N2.VSF	＊
N2.VSM	＊
N2.VSN	＊
N2C.ASM	＊
N2C.NSM	＊
N2E.NSM	＊
N2M.ASN	＊
N2N.APM	＊
N2N.APN	＊
N2N.ASF	＊
N2N.ASM	＊
N2N.ASN	＊
N2N.DPM	＊
N2N.DPN	＊
N2N.DSM	＊
N2N.DSN	＊
N2N.GPM	＊
N2N.GPN	＊
N2N.GSN	＊
N2N.NPM	＊
N2N.NPN	＊
N2N.NSN	＊
N2N.VPN	＊
N2N.VSN	＊
N3.APF	＊
N3.APM	＊
N3.APN	＊
N3.AS	＊
N3.ASF	＊
N3.ASM	＊
N3.ASN	＊
N3.DPF	＊
N3.DPM	＊
N3.DPN	＊
N3.DS	＊
N3.DSF	＊
N3.DSM	＊
N3.DSN	＊
N3.GPF	＊
N3.GPM	＊
N3.GPN	＊
N3.GS	＊
N3.GSF	＊
N3.GSM	＊
N3.GSN	＊
N3.NPF	＊
N3.NPM	＊
N3.NPN	＊
N3.NSF	＊
N3.NSM	＊
N3.NSN	＊
N3.VPF	＊
N3.VPM	＊
N3.VSF	＊
N3.VSM	＊
N3B.ASM	＊
N3B.GSM	＊
N3D.APF	＊
N3D.APM	＊
N3D.APN	＊
N3D.ASF	＊
N3D.ASM	＊
N3D.ASN	＊
N3D.DPF	＊
N3D.DPM	＊
N3D.DSF	＊
N3D.DSM	＊
N3D.GPF	＊
N3D.GPM	＊
N3D.GSF	＊
N3D.GSM	＊
N3D.NPF	＊
N3D.NPM	＊
N3D.NSF	＊
N3D.NSM	＊
N3D.NSN	＊
N3D.VPM	＊
N3D.VSF	＊
N3E.N	＊
N3E.APM	＊
N3E.APN	＊
N3E.AS	＊
N3E.ASF	＊
N3E.ASM	＊
N3E.ASN	＊
N3E.DPF	＊
N3E.DPM	＊
N3E.DPN	＊
N3E.DSF	＊
N3E.DSM	＊
N3E.DSN	＊
N3E.GPM	＊
N3E.GPN	＊
N3E.GS	＊
N3E.GSF	＊
N3E.GSM	＊
N3E.GSN	＊
N3E.NPF	＊
N3E.NPM	＊
N3E.NPN	＊
N3E.NSF	＊
N3E.NSM	＊
N3E.NSN	＊
N3E.VPN	＊
N3E.VSN	＊
N3G.APF	＊
N3G.APM	＊
N3G.ASF	＊
N3G.ASM	＊
N3G.ASN	＊
N3G.DPF	＊
N3G.DPM	＊
N3G.DPN	＊
N3G.DS	＊
N3G.DSF	＊
N3G.DSM	＊
N3G.GPF	＊
N3G.GPM	＊
N3G.GS	＊
N3G.GSF	＊
N3G.GSM	＊
N3G.NPF	＊
N3G.NPM	＊
N3G.NSF	＊
N3G.NSM	＊
N3G.NSN	＊
N3H.APF	＊
N3H.APM	＊
N3H.APN	＊
N3H.ASM	＊
N3H.DPM	＊
N3H.DSF	＊
N3H.DSM	＊
N3H.GSF	＊
N3H.GSM	＊
N3H.NPM	＊
N3H.NSF	＊
N3H.NSM	＊
N3H.VSF	＊
N3I.APF	＊
N3I.APM	＊
N3I.APN	＊
N3I.ASF	＊
N3I.ASM	＊
N3I.DPF	＊
N3I.DSF	＊
N3I.DSM	＊
N3I.GPF	＊
N3I.GPM	＊
N3I.GPN	＊
N3I.GS	＊
N3I.GSF	＊
N3I.GSM	＊
N3I.NPF	＊
N3I.NPM	＊
N3I.NSF	＊
N3I.NSM	＊
N3I.NSN	＊
N3I.VPF	＊
N3I.VSF	＊
N3K.APF	＊
N3K.APM	＊
N3K.APN	＊
N3K.ASF	＊
N3K.ASM	＊
N3K.ASN	＊
N3K.DPF	＊
N3K.DPM	＊
N3K.DPN	＊
N3K.DSF	＊
N3K.DSM	＊
N3K.GPF	＊
N3K.GPM	＊
N3K.GSF	＊
N3K.GSM	＊
N3K.NPF	＊
N3K.NPM	＊
N3K.NSF	＊
N3K.NSM	＊
N3K.NSN	＊
N3K.VPF	＊
N3K.VSF	＊
N3M.APM	＊
N3M.APN	＊
N3M.ASM	＊
N3M.ASN	＊
N3M.DPM	＊
N3M.DPN	＊
N3M.DSM	＊
N3M.DSN	＊
N3M.GPM	＊
N3M.GPN	＊
N3M.GSM	＊
N3M.GSN	＊
N3M.NPN	＊
N3M.NSM	＊
N3M.NSN	＊
N3M.VSN	＊
N3N.APF	＊
N3N.APM	＊
N3N.AS	＊
N3N.ASF	＊
N3N.ASM	＊
N3N.ASN	＊
N3N.DPM	＊
N3N.DS	＊
N3N.DSF	＊
N3N.DSM	＊
N3N.GPF	＊
N3N.GPM	＊
N3N.GSF	＊
N3N.GSM	＊
N3N.NPF	＊
N3N.NPM	＊
N3N.NSF	＊
N3N.NSM	＊
N3N.NSN	＊
N3N.VSM	＊
N3P.ASM	＊
N3P.DPF	＊
N3P.DPM	＊
N3P.DSF	＊
N3P.DSM	＊
N3P.GPF	＊
N3P.GPM	＊
N3P.GSF	＊
N3P.GSM	＊
N3P.NPM	＊
N3P.NSF	＊
N3P.NSM	＊
N3P.NSN	＊
N3R.APF	＊
N3R.APM	＊
N3R.ASM	＊
N3R.DPM	＊
N3R.DSM	＊
N3R.GPM	＊
N3R.GSF	＊
N3R.GSM	＊
N3R.GSN	＊
N3R.NPM	＊
N3R.NSF	＊
N3R.NSM	＊
N3R.VSF	＊
N3R.VSM	＊
N3S.APM	＊
N3S.APN	＊
N3S.DSF	＊
N3T.APF	＊
N3T.APM	＊
N3T.APN	＊
N3T.ASF	＊
N3T.ASM	＊
N3T.ASN	＊
N3T.DPF	＊
N3T.DPM	＊
N3T.DPN	＊
N3T.DSF	＊
N3T.DSM	＊
N3T.DSN	＊
N3T.GPF	＊
N3T.GPM	＊
N3T.GPN	＊
N3T.GSF	＊
N3T.GSM	＊
N3T.GSN	＊
N3T.NPF	＊
N3T.NPM	＊
N3T.NPN	＊
N3T.NSF	＊
N3T.NSM	＊
N3T.NSN	＊
N3U.APF	＊
N3U.APM	＊
N3U.ASF	＊
N3U.ASM	＊
N3U.ASN	＊
N3U.DPF	＊
N3U.DPM	＊
N3U.DSF	＊
N3U.DSM	＊
N3U.GPF	＊
N3U.GPM	＊
N3U.GPN	＊
N3U.GSF	＊
N3U.GSM	＊
N3U.NPF	＊
N3U.NPM	＊
N3U.NPN	＊
N3U.NSF	＊
N3U.NSM	＊
N3U.NSN	＊
N3V.APF	＊
N3V.APM	＊
N3V.ASF	＊
N3V.ASM	＊
N3V.DPM	＊
N3V.DSM	＊
N3V.GPF	＊
N3V.GPM	＊
N3V.GSM	＊
N3V.NPM	＊
N3V.NSM	＊
N3V.VPM	＊
N3V.VSM	＊
N3W.APF	＊
N3W.APM	＊
N3W.APN	＊
N3W.ASF	＊
N3W.ASM	＊
N3W.ASN	＊
N3W.DPF	＊
N3W.DPM	＊
N3W.DPN	＊
N3W.DSF	＊
N3W.DSM	＊
N3W.DSN	＊
N3W.GPM	＊
N3W.GS	＊
N3W.GSF	＊
N3W.GSM	＊
N3W.GSN	＊
N3W.NPF	＊
N3W.NPM	＊
N3W.NSF	＊
N3W.NSM	＊
N3W.VSF	＊
N3X.APM	＊
N3X.DPM	＊
N3X.NSF	＊
N3X.NSM	＊
NS.GSM	＊
P.	＊
P+A.ASM	＊
P+X.	＊
RA.APF	＊
RA.APM	＊
RA.APN	＊
RA.ASF	＊
RA.ASM	＊
RA.ASN	＊
RA.DP	＊
RA.DPF	＊
RA.DPM	＊
RA.DPN	＊
RA.DS	＊
RA.DSF	＊
RA.DSM	＊
RA.DSN	＊
RA.GP	＊
RA.GPF	＊
RA.GPM	＊
RA.GPN	＊
RA.GS	＊
RA.GSF	＊
RA.GSM	＊
RA.GSN	＊
RA.NPF	＊
RA.NPM	＊
RA.NPN	＊
RA.NSF	＊
RA.NSM	＊
RA.NSN	＊
RA.VPM	＊
RA.VPN	＊
RA.VSF	＊
RA.VSM	＊
RA.VSN	＊
RA+.	＊
RA+.ASN	＊
RD.APF	＊
RD.APM	＊
RD.APN	＊
RD.ASF	＊
RD.ASM	＊
RD.ASN	＊
RD.DPF	＊
RD.DPM	＊
RD.DPN	＊
RD.DSF	＊
RD.DSM	＊
RD.DSN	＊
RD.GPF	＊
RD.GPM	＊
RD.GPN	＊
RD.GS	＊
RD.GSF	＊
RD.GSM	＊
RD.GSN	＊
RD.NPF	＊
RD.NPM	＊
RD.NPN	＊
RD.NSF	＊
RD.NSM	＊
RD.NSN	＊
RI.	＊
RI.APF	＊
RI.APM	＊
RI.APN	＊
RI.AS	＊
RI.ASF	＊
RI.ASM	＊
RI.ASN	＊
RI.D	＊
RI.DPN	＊
RI.DSF	＊
RI.DSM	＊
RI.DSN	＊
RI.GPM	＊
RI.GPN	＊
RI.GS	＊
RI.GSF	＊
RI.GSM	＊
RI.GSN	＊
RI.NPF	＊
RI.NPM	＊
RI.NPN	＊
RI.NS	＊
RI.NSF	＊
RI.NSM	＊
RI.NSN	＊
RP.AP	＊
RP.APF	＊
RP.APM	＊
RP.APN	＊
RP.AS	＊
RP.ASF	＊
RP.ASM	＊
RP.ASN	＊
RP.DP	＊
RP.DPF	＊
RP.DPM	＊
RP.DS	＊
RP.DSF	＊
RP.DSM	＊
RP.GP	＊
RP.GPF	＊
RP.GPM	＊
RP.GS	＊
RP.GSF	＊
RP.GSM	＊
RP.NP	＊
RP.NPM	＊
RP.NPN	＊
RP.NS	＊
RP.NSF	＊
RP.NSM	＊
RP.VS	＊
RP+.NS	＊
RR.APF	＊
RR.APM	＊
RR.APN	＊
RR.ASF	＊
RR.ASM	＊
RR.ASN	＊
RR.DPF	＊
RR.DPM	＊
RR.DPN	＊
RR.DSF	＊
RR.DSM	＊
RR.DSN	＊
RR.GPF	＊
RR.GPM	＊
RR.GPN	＊
RR.GSF	＊
RR.GSM	＊
RR.GSN	＊
RR.NPF	＊
RR.NPM	＊
RR.NPN	＊
RR.NSF	＊
RR.NSM	＊
RR.NSN	＊
RX.GSM	＊
RX.GSN	＊
RX.NPF	＊
RX.NPM	＊
RX.NSF	＊
RX.NSM	＊
RX.NSN	＊
V.IMI1P	＊
V.PAI3S	＊
V.PAPNPM	＊
V.XAN	＊
V.YAI3S	＊
V1.AAD2S	＊
V1.AAI1S	＊
V1.AAI2S	＊
V1.AAN	＊
V1.FAI2S	＊
V1.FAI3P	＊
V1.IAI3P	＊
V1.IAI3S	＊
V1.IMI1S	＊
V1.IMI2S	＊
V1.IMI3P	＊
V1.IMI3S	＊
V1.IPI3P	＊
V1.IPI3S	＊
V1.PAD2P	＊
V1.PAD2S	＊
V1.PAD3P	＊
V1.PAD3S	＊
V1.PAI	＊
V1.PAI1P	＊
V1.PAI1S	＊
V1.PAI2P	＊
V1.PAI2S	＊
V1.PAI3P	＊
V1.PAI3S	＊
V1.PAN	＊
V1.PAO1S	＊
V1.PAO3P	＊
V1.PAO3S	＊
V1.PAPAPF	＊
V1.PAPAPM	＊
V1.PAPAPN	＊
V1.PAPASF	＊
V1.PAPASM	＊
V1.PAPASN	＊
V1.PAPDPF	＊
V1.PAPDPM	＊
V1.PAPDPN	＊
V1.PAPDSF	＊
V1.PAPDSM	＊
V1.PAPDSN	＊
V1.PAPGPF	＊
V1.PAPGPM	＊
V1.PAPGPN	＊
V1.PAPGSF	＊
V1.PAPGSM	＊
V1.PAPGSN	＊
V1.PAPNPF	＊
V1.PAPNPM	＊
V1.PAPNPN	＊
V1.PAPNSF	＊
V1.PAPNSM	＊
V1.PAPNSN	＊
V1.PAPVPM	＊
V1.PAPVSM	＊
V1.PAS1P	＊
V1.PAS1S	＊
V1.PAS2P	＊
V1.PAS2S	＊
V1.PAS3P	＊
V1.PAS3S	＊
V1.PMD2P	＊
V1.PMD2S	＊
V1.PMD3P	＊
V1.PMD3S	＊
V1.PMI1P	＊
V1.PMI1S	＊
V1.PMI2P	＊
V1.PMI2S	＊
V1.PMI3P	＊
V1.PMI3S	＊
V1.PMN	＊
V1.PMO2S	＊
V1.PMO3S	＊
V1.PMPAPF	＊
V1.PMPAPM	＊
V1.PMPAPN	＊
V1.PMPASF	＊
V1.PMPASM	＊
V1.PMPASN	＊
V1.PMPDPF	＊
V1.PMPDPM	＊
V1.PMPDPN	＊
V1.PMPDSF	＊
V1.PMPDSM	＊
V1.PMPDSN	＊
V1.PMPGPF	＊
V1.PMPGPM	＊
V1.PMPGPN	＊
V1.PMPGSF	＊
V1.PMPGSM	＊
V1.PMPGSN	＊
V1.PMPNPF	＊
V1.PMPNPM	＊
V1.PMPNPN	＊
V1.PMPNSF	＊
V1.PMPNSM	＊
V1.PMPNSN	＊
V1.PMPVPM	＊
V1.PMPVPN	＊
V1.PMS1P	＊
V1.PMS1S	＊
V1.PMS2P	＊
V1.PMS2S	＊
V1.PMS3P	＊
V1.PMS3S	＊
V1.PPD2S	＊
V1.PPD3P	＊
V1.PPI1P	＊
V1.PPI1S	＊
V1.PPI2S	＊
V1.PPI3P	＊
V1.PPI3S	＊
V1.PPN	＊
V1.PPPAPF	＊
V1.PPPAPM	＊
V1.PPPAPN	＊
V1.PPPASM	＊
V1.PPPASN	＊
V1.PPPDSM	＊
V1.PPPGPF	＊
V1.PPPGPM	＊
V1.PPPGSM	＊
V1.PPPGSN	＊
V1.PPPNPF	＊
V1.PPPNPM	＊
V1.PPPNPN	＊
V1.PPPNSF	＊
V1.PPPNSM	＊
V1.PPPNSN	＊
V1.PPS3S	＊
V1A.AMI1S	＊
V1I.AAI1S	＊
V1I.IAI1P	＊
V1I.IAI1S	＊
V1I.IAI2P	＊
V1I.IAI2S	＊
V1I.IAI3P	＊
V1I.IAI3S	＊
V1I.IMI1P	＊
V1I.IMI1S	＊
V1I.IMI2P	＊
V1I.IMI2S	＊
V1I.IMI3P	＊
V1I.IMI3S	＊
V1I.IPI3P	＊
V1I.IPI3S	＊
V1I.PMI1P	＊
V1I.PMI3S	＊
V1I.PMN	＊
V1I.PMPNPM	＊
V2.AAD2S	＊
V2.AAI3P	＊
V2.AAN	＊
V2.AAPAPM	＊
V2.AAS1P	＊
V2.AMI3S	＊
V2.FAN	＊
V2.FAPNPM	＊
V2.IAI3P	＊
V2.IAI3S	＊
V2.IMI1S	＊
V2.IMI2S	＊
V2.IMI3P	＊
V2.IMI3S	＊
V2.IPI3P	＊
V2.IPI3S	＊
V2.PAD2P	＊
V2.PAD2S	＊
V2.PAD3P	＊
V2.PAD3S	＊
V2.PAI1P	＊
V2.PAI1S	＊
V2.PAI2P	＊
V2.PAI2S	＊
V2.PAI3P	＊
V2.PAI3S	＊
V2.PAN	＊
V2.PAPAPF	＊
V2.PAPAPM	＊
V2.PAPAPN	＊
V2.PAPASF	＊
V2.PAPASM	＊
V2.PAPASN	＊
V2.PAPDPF	＊
V2.PAPDPM	＊
V2.PAPDPN	＊
V2.PAPDSF	＊
V2.PAPDSM	＊
V2.PAPGPF	＊
V2.PAPGPM	＊
V2.PAPGPN	＊
V2.PAPGSF	＊
V2.PAPGSM	＊
V2.PAPGSN	＊
V2.PAPNPF	＊
V2.PAPNPM	＊
V2.PAPNPN	＊
V2.PAPNSF	＊
V2.PAPNSM	＊
V2.PAPNSN	＊
V2.PAPVPM	＊
V2.PAPVSF	＊
V2.PAS1P	＊
V2.PAS1S	＊
V2.PAS2P	＊
V2.PAS2S	＊
V2.PAS3P	＊
V2.PAS3S	＊
V2.PMD2P	＊
V2.PMD2S	＊
V2.PMD3P	＊
V2.PMD3S	＊
V2.PMI1P	＊
V2.PMI1S	＊
V2.PMI2P	＊
V2.PMI2S	＊
V2.PMI3P	＊
V2.PMI3S	＊
V2.PMN	＊
V2.PMP3P	＊
V2.PMPAPF	＊
V2.PMPAPM	＊
V2.PMPAPN	＊
V2.PMPASF	＊
V2.PMPASM	＊
V2.PMPASN	＊
V2.PMPDPM	＊
V2.PMPDPN	＊
V2.PMPDSF	＊
V2.PMPDSM	＊
V2.PMPGPF	＊
V2.PMPGPM	＊
V2.PMPGPN	＊
V2.PMPGSF	＊
V2.PMPGSM	＊
V2.PMPGSN	＊
V2.PMPNPF	＊
V2.PMPNPM	＊
V2.PMPNPN	＊
V2.PMPNSF	＊
V2.PMPNSM	＊
V2.PMPNSN	＊
V2.PMPVPN	＊
V2.PMPVSM	＊
V2.PMS2P	＊
V2.PMS2S	＊
V2.PMS3P	＊
V2.PMS3S	＊
V2.PPD2S	＊
V2.PPD3S	＊
V2.PPI1S	＊
V2.PPI3S	＊
V2.PPN	＊
V2.PPPAPF	＊
V2.PPPAPN	＊
V2.PPPASF	＊
V2.PPPASM	＊
V2.PPPASN	＊
V2.PPPDSM	＊
V2.PPPGSF	＊
V2.PPPNSM	＊
V2.PPPNSN	＊
V2.PPS2S	＊
V2.PPS3S	＊
V2.XMI1S	＊
V2I.IAI1P	＊
V2I.IAI1S	＊
V2I.IAI2P	＊
V2I.IAI2S	＊
V2I.IAI3P	＊
V2I.IAI3S	＊
V2I.IMI1S	＊
V2I.IMI2P	＊
V2I.IMI2S	＊
V2I.IMI3P	＊
V2I.IMI3S	＊
V2I.IPI3S	＊
V3.AAD2S	＊
V3.APS3P	＊
V3.FMI1S	＊
V3.FPI3S	＊
V3.IAI3S	＊
V3.IMI1P	＊
V3.PAD2P	＊
V3.PAD2S	＊
V3.PAD3P	＊
V3.PAD3S	＊
V3.PAI1P	＊
V3.PAI1S	＊
V3.PAI2P	＊
V3.PAI2S	＊
V3.PAI3P	＊
V3.PAI3S	＊
V3.PAN	＊
V3.PAPAPF	＊
V3.PAPAPM	＊
V3.PAPAPN	＊
V3.PAPASF	＊
V3.PAPASM	＊
V3.PAPASN	＊
V3.PAPDPM	＊
V3.PAPDSF	＊
V3.PAPDSM	＊
V3.PAPDSN	＊
V3.PAPGPF	＊
V3.PAPGPM	＊
V3.PAPGPN	＊
V3.PAPGSF	＊
V3.PAPGSM	＊
V3.PAPGSN	＊
V3.PAPNPF	＊
V3.PAPNPM	＊
V3.PAPNPN	＊
V3.PAPNSF	＊
V3.PAPNSM	＊
V3.PAPNSN	＊
V3.PAPVSM	＊
V3.PAS1P	＊
V3.PAS2P	＊
V3.PAS2S	＊
V3.PAS3P	＊
V3.PAS3S	＊
V3.PMD2P	＊
V3.PMD2S	＊
V3.PMD3P	＊
V3.PMD3S	＊
V3.PMI2P	＊
V3.PMI2S	＊
V3.PMI3P	＊
V3.PMI3S	＊
V3.PMN	＊
V3.PMPAPM	＊
V3.PMPAPN	＊
V3.PMPASF	＊
V3.PMPASM	＊
V3.PMPASN	＊
V3.PMPDPM	＊
V3.PMPDSF	＊
V3.PMPDSM	＊
V3.PMPGPM	＊
V3.PMPGPN	＊
V3.PMPGSF	＊
V3.PMPGSM	＊
V3.PMPNPF	＊
V3.PMPNPM	＊
V3.PMPNSF	＊
V3.PMPNSM	＊
V3.PMPNSN	＊
V3.PMS2S	＊
V3.PMS3S	＊
V3.PPI3P	＊
V3.PPI3S	＊
V3.PPPAPN	＊
V3.PPPASM	＊
V3.PPPDPM	＊
V3.PPPDSN	＊
V3.PPPGPM	＊
V3.PPPNSM	＊
V3.XMPNSF	＊
V3I.AAI3P	＊
V3I.IAI1P	＊
V3I.IAI1S	＊
V3I.IAI2P	＊
V3I.IAI3P	＊
V3I.IAI3S	＊
V3I.IMI1S	＊
V3I.IMI3P	＊
V3I.IMI3S	＊
V3I.IPI3P	＊
V4.AAD2S	＊
V4.AAN	＊
V4.AAS3S	＊
V4.FAI2S	＊
V4.FAI3S	＊
V4.IAI1S	＊
V4.IAI3P	＊
V4.IAI3S	＊
V4.IMI3S	＊
V4.PAD2P	＊
V4.PAD2S	＊
V4.PAD3S	＊
V4.PAI1P	＊
V4.PAI1S	＊
V4.PAI2P	＊
V4.PAI2S	＊
V4.PAI3P	＊
V4.PAI3S	＊
V4.PAN	＊
V4.PAPAPF	＊
V4.PAPAPM	＊
V4.PAPAPN	＊
V4.PAPASF	＊
V4.PAPASM	＊
V4.PAPASN	＊
V4.PAPDPF	＊
V4.PAPDPM	＊
V4.PAPDSM	＊
V4.PAPGPM	＊
V4.PAPGSF	＊
V4.PAPGSM	＊
V4.PAPNPF	＊
V4.PAPNPM	＊
V4.PAPNPN	＊
V4.PAPNSF	＊
V4.PAPNSM	＊
V4.PAPNSN	＊
V4.PAS2S	＊
V4.PAS3P	＊
V4.PAS3S	＊
V4.PMD2P	＊
V4.PMD2S	＊
V4.PMD3P	＊
V4.PMD3S	＊
V4.PMI1P	＊
V4.PMI1S	＊
V4.PMI2S	＊
V4.PMI3P	＊
V4.PMI3S	＊
V4.PMN	＊
V4.PMPAPF	＊
V4.PMPAPM	＊
V4.PMPASF	＊
V4.PMPASM	＊
V4.PMPASN	＊
V4.PMPDSM	＊
V4.PMPGPF	＊
V4.PMPGPM	＊
V4.PMPGSM	＊
V4.PMPNPM	＊
V4.PMPNSF	＊
V4.PMPNSM	＊
V4.PMPNSN	＊
V4.PMS3P	＊
V4.PMS3S	＊
V4.PPD3P	＊
V4.PPD3S	＊
V4.PPI3P	＊
V4.PPI3S	＊
V4.PPPAPM	＊
V4.PPPAPN	＊
V4.PPPASM	＊
V4.PPPASN	＊
V4.PPPGSM	＊
V4.PPPNSF	＊
V4.PPPNSM	＊
V4.PPPNSN	＊
V4.PPS3S	＊
V4I.AAI3P	＊
V4I.AAI3S	＊
V4I.IAI1S	＊
V4I.IAI2P	＊
V4I.IAI3P	＊
V4I.IAI3S	＊
V4I.IMI1S	＊
V4I.IMI3P	＊
V4I.IMI3S	＊
V5.FMI2S	＊
V5.IAI3P	＊
V5.PAD2P	＊
V5.PAI1P	＊
V5.PAI1S	＊
V5.PAI2P	＊
V5.PAI2S	＊
V5.PAI3P	＊
V5.PAI3S	＊
V5.PAN	＊
V5.PAPAPM	＊
V5.PAPASM	＊
V5.PAPDSN	＊
V5.PAPGSM	＊
V5.PAPNPF	＊
V5.PAPNPM	＊
V5.PAPNSM	＊
V5.PAS1S	＊
V5.PMD2S	＊
V5.PMI1P	＊
V5.PMI1S	＊
V5.PMI2P	＊
V5.PMI2S	＊
V5.PMI3P	＊
V5.PMI3S	＊
V5.PMN	＊
V5.PMO2S	＊
V5.PMPAPF	＊
V5.PMPAPM	＊
V5.PMPAPN	＊
V5.PMPASF	＊
V5.PMPASM	＊
V5.PMPASN	＊
V5.PMPDPM	＊
V5.PMPDPN	＊
V5.PMPDSM	＊
V5.PMPGPF	＊
V5.PMPGPM	＊
V5.PMPGPN	＊
V5.PMPGSF	＊
V5.PMPGSM	＊
V5.PMPNPF	＊
V5.PMPNPM	＊
V5.PMPNPN	＊
V5.PMPNSF	＊
V5.PMPNSM	＊
V5.PMPNSN	＊
V5.PMPVPM	＊
V5.PMS1P	＊
V5.PMS2S	＊
V5.PPI3S	＊
V5.PPPAPN	＊
V5.PPPGPM	＊
V5I.IAI3S	＊
V5I.IMI1S	＊
V5I.IMI2S	＊
V5I.IMI3P	＊
V5I.IMI3S	＊
V6.AAS1P	＊
V6.AMPNPM	＊
V6.IAI3P	＊
V6.IMI3P	＊
V6.IMI3S	＊
V6.PAD3S	＊
V6.PAI1S	＊
V6.PAI2P	＊
V6.PAI3P	＊
V6.PAI3S	＊
V6.PAN	＊
V6.PAO3S	＊
V6.PAPAPM	＊
V6.PAPASM	＊
V6.PAPASN	＊
V6.PAPGPM	＊
V6.PAPGSM	＊
V6.PAPNPM	＊
V6.PAPNSM	＊
V6.PAPNSN	＊
V6.PAS1S	＊
V6.PAS3P	＊
V6.PMD2P	＊
V6.PMD2S	＊
V6.PMI1P	＊
V6.PMI1S	＊
V6.PMI2P	＊
V6.PMI2S	＊
V6.PMI3P	＊
V6.PMI3S	＊
V6.PMN	＊
V6.PMO1S	＊
V6.PMO3P	＊
V6.PMO3S	＊
V6.PMPAPM	＊
V6.PMPAPN	＊
V6.PMPASM	＊
V6.PMPASN	＊
V6.PMPDSM	＊
V6.PMPGPM	＊
V6.PMPGSM	＊
V6.PMPNPM	＊
V6.PMPNSF	＊
V6.PMPNSM	＊
V6.PMS1P	＊
V6.PMS1S	＊
V6.PMS2P	＊
V6.PMS2S	＊
V6.PMS3P	＊
V6.PMS3S	＊
V6.PPI2P	＊
V6.PPI3P	＊
V6.PPPAPM	＊
V6I.IAI1S	＊
V6I.IAI3P	＊
V6I.IAI3S	＊
V6I.IMI1S	＊
V6I.IMI2S	＊
V6I.IMI3P	＊
V6I.IMI3S	＊
V7.AAS2P	＊
V7.AAS2S	＊
V7.IAI1S	＊
V7.IAI2S	＊
V7.PAD2P	＊
V7.PAD3S	＊
V7.PAI1P	＊
V7.PAI1S	＊
V7.PAI2P	＊
V7.PAI2S	＊
V7.PAI3P	＊
V7.PAI3S	＊
V7.PAN	＊
V7.PAPAPM	＊
V7.PAPASF	＊
V7.PAPGPM	＊
V7.PAPGSM	＊
V7.PAPNPM	＊
V7.PAPNSM	＊
V7.PAS1S	＊
V7.PAS2S	＊
V7.PAS3P	＊
V7.PAS3S	＊
V7.PMI1P	＊
V7.PMI1S	＊
V7.PMI2P	＊
V7.PMI3P	＊
V7.PMI3S	＊
V7.PMN	＊
V7.PMPAPM	＊
V7.PMPAPN	＊
V7.PMPDPM	＊
V7.PMPGPF	＊
V7.PMPGPM	＊
V7.PMPGPN	＊
V7.PMPNPM	＊
V7.PMPNPN	＊
V7.PMPNSM	＊
V7.PMS3P	＊
V7.PPD3P	＊
V7.PPD3S	＊
V7.PPI3S	＊
V7.PPPAPN	＊
V7I.IAI2S	＊
V7I.IAI3S	＊
V7I.IMI3P	＊
V7I.IMI3S	＊
V7I.IPI3S	＊
V8.IMI2S	＊
V8.PAD2S	＊
V8.PAI1S	＊
V8.PAI2P	＊
V8.PAI2S	＊
V8.PAI3P	＊
V8.PAI3S	＊
V8.PAN	＊
V8.PAO3S	＊
V8.PAPASM	＊
V8.PAPDPM	＊
V8.PAPDSM	＊
V8.PAPGPM	＊
V8.PAPGSM	＊
V8.PAPNPM	＊
V8.PAPNSM	＊
V8.PAS2S	＊
V8.PAS3P	＊
V8.PMI3S	＊
V8.PMN	＊
V8.PMPAPN	＊
V8.PMPASM	＊
V8.PMPASN	＊
V8.PMPGSF	＊
V8.PMPNSF	＊
V8.PMPNSN	＊
V8.PPI3S	＊
V8.PPPNSN	＊
V8I.IAI1S	＊
V8I.IAI2S	＊
V8I.IAI3P	＊
V8I.IAI3S	＊
V8I.IMI1S	＊
V8I.IMI2S	＊
V8I.IMI3P	＊
V8I.IMI3S	＊
V8I.IPI3P	＊
V9.AAS2P	＊
V9.AAS3P	＊
V9.AMI1S	＊
V9.FMI3S	＊
V9.IAI1P	＊
V9.IAI1S	＊
V9.IAI2P	＊
V9.IAI2S	＊
V9.IAI3P	＊
V9.IAI3S	＊
V9.IAS2P	＊
V9.IAS2S	＊
V9.IMI1P	＊
V9.IMI1S	＊
V9.PAD2S	＊
V9.PAD3P	＊
V9.PAD3S	＊
V9.PAI1P	＊
V9.PAI1S	＊
V9.PAI2P	＊
V9.PAI2S	＊
V9.PAI3P	＊
V9.PAI3S	＊
V9.PAN	＊
V9.PAO2P	＊
V9.PAO3P	＊
V9.PAO3S	＊
V9.PAPAPF	＊
V9.PAPAPM	＊
V9.PAPAPN	＊
V9.PAPASF	＊
V9.PAPASM	＊
V9.PAPASN	＊
V9.PAPDPM	＊
V9.PAPDPN	＊
V9.PAPDSF	＊
V9.PAPDSM	＊
V9.PAPDSN	＊
V9.PAPGPF	＊
V9.PAPGPM	＊
V9.PAPGPN	＊
V9.PAPGSF	＊
V9.PAPGSM	＊
V9.PAPGSN	＊
V9.PAPNPF	＊
V9.PAPNPM	＊
V9.PAPNPN	＊
V9.PAPNSF	＊
V9.PAPNSM	＊
V9.PAPNSN	＊
V9.PAPVPM	＊
V9.PAS1P	＊
V9.PAS1S	＊
V9.PAS2S	＊
V9.PAS3P	＊
V9.PAS3S	＊
V9.PMS2S	＊
V9I.IAI1S	＊
V9I.IAI2S	＊
V9I.IAI3P	＊
V9I.IAI3S	＊
V9I.IMI1P	＊
V9I.IMI1S	＊
VA.AAD2P	＊
VA.AAD2S	＊
VA.AAD3P	＊
VA.AAD3S	＊
VA.AAI1P	＊
VA.AAI1S	＊
VA.AAI2P	＊
VA.AAI2S	＊
VA.AAI3P	＊
VA.AAI3S	＊
VA.AAN	＊
VA.AAO1P	＊
VA.AAO1S	＊
VA.AAO2S	＊
VA.AAO3P	＊
VA.AAO3S	＊
VA.AAPAPF	＊
VA.AAPAPM	＊
VA.AAPAPN	＊
VA.AAPASF	＊
VA.AAPASM	＊
VA.AAPASN	＊
VA.AAPDPM	＊
VA.AAPDPN	＊
VA.AAPDSM	＊
VA.AAPGPF	＊
VA.AAPGPM	＊
VA.AAPGSM	＊
VA.AAPGSN	＊
VA.AAPNPF	＊
VA.AAPNPM	＊
VA.AAPNPN	＊
VA.AAPNSF	＊
VA.AAPNSM	＊
VA.AAPNSN	＊
VA.AAPVSF	＊
VA.AAS	＊
VA.AAS1P	＊
VA.AAS1S	＊
VA.AAS2P	＊
VA.AAS2S	＊
VA.AAS3P	＊
VA.AAS3S	＊
VA.ADI2P	＊
VA.AMD2P	＊
VA.AMD2S	＊
VA.AMD3P	＊
VA.AMD3S	＊
VA.AMI1P	＊
VA.AMI1S	＊
VA.AMI2P	＊
VA.AMI2S	＊
VA.AMI3P	＊
VA.AMI3S	＊
VA.AMN	＊
VA.AMO1P	＊
VA.AMO2S	＊
VA.AMO3P	＊
VA.AMO3S	＊
VA.AMPAPM	＊
VA.AMPAPN	＊
VA.AMPASF	＊
VA.AMPASM	＊
VA.AMPASN	＊
VA.AMPDPF	＊
VA.AMPDSM	＊
VA.AMPGPM	＊
VA.AMPGSF	＊
VA.AMPGSM	＊
VA.AMPNPF	＊
VA.AMPNPM	＊
VA.AMPNSF	＊
VA.AMPNSM	＊
VA.AMS1P	＊
VA.AMS1S	＊
VA.AMS2P	＊
VA.AMS2S	＊
VA.AMS3P	＊
VA.AMS3S	＊
VA.APD2P	＊
VA.APD3S	＊
VA.API3S	＊
VA.APN	＊
VA.APO3P	＊
VA.APO3S	＊
VA.APPASM	＊
VA.APPDPN	＊
VA.APPGSF	＊
VA.APPNSM	＊
VA.APPNSN	＊
VA.APS1P	＊
VA.APS2P	＊
VA.APS3P	＊
VA.APS3S	＊
VA.IMI3S	＊
VA.PAI1P	＊
VA.PAI1S	＊
VA.PAI3S	＊
VA.PAPAPM	＊
VA.PAPNPM	＊
VA.PAS3S	＊
VAI.AAD1S	＊
VAI.AAD2P	＊
VAI.AAD2S	＊
VAI.AAI1P	＊
VAI.AAI1S	＊
VAI.AAI2P	＊
VAI.AAI2S	＊
VAI.AAI3P	＊
VAI.AAI3S	＊
VAI.AAN	＊
VAI.AAO3P	＊
VAI.AAPASN	＊
VAI.AAPGSM	＊
VAI.AAPNPM	＊
VAI.AAPNSM	＊
VAI.AAS1P	＊
VAI.AAS1S	＊
VAI.AAS2P	＊
VAI.AAS3P	＊
VAI.AMD2P	＊
VAI.AMI1P	＊
VAI.AMI1S	＊
VAI.AMI2P	＊
VAI.AMI2S	＊
VAI.AMI3P	＊
VAI.AMI3S	＊
VAI.AMPAPF	＊
VAI.AMPASF	＊
VAI.AMPASN	＊
VAI.AMPGPN	＊
VAI.AMPNPF	＊
VAI.AMPNPM	＊
VAI.API1P	＊
VAI.API1S	＊
VAI.API3P	＊
VAI.API3S	＊
VAI.IAI3P	＊
VAI.PAI3S	＊
VB.AAD2P	＊
VB.AAD2S	＊
VB.AAD3P	＊
VB.AAD3S	＊
VB.AAI1P	＊
VB.AAI1S	＊
VB.AAI2P	＊
VB.AAI2S	＊
VB.AAI3P	＊
VB.AAI3S	＊
VB.AAN	＊
VB.AAO1P	＊
VB.AAO1S	＊
VB.AAO2P	＊
VB.AAO2S	＊
VB.AAO3P	＊
VB.AAO3S	＊
VB.AAPAPM	＊
VB.AAPAPN	＊
VB.AAPASF	＊
VB.AAPASM	＊
VB.AAPASN	＊
VB.AAPDPF	＊
VB.AAPDSF	＊
VB.AAPDSM	＊
VB.AAPGPM	＊
VB.AAPGPN	＊
VB.AAPGSF	＊
VB.AAPGSM	＊
VB.AAPGSN	＊
VB.AAPNPF	＊
VB.AAPNPM	＊
VB.AAPNPN	＊
VB.AAPNSF	＊
VB.AAPNSM	＊
VB.AAPNSN	＊
VB.AAS1P	＊
VB.AAS1S	＊
VB.AAS2P	＊
VB.AAS2S	＊
VB.AAS3P	＊
VB.AAS3S	＊
VB.AMD2P	＊
VB.AMD2S	＊
VB.AMD3P	＊
VB.AMD3S	＊
VB.AMI1P	＊
VB.AMI1S	＊
VB.AMI2S	＊
VB.AMI3P	＊
VB.AMI3S	＊
VB.AMN	＊
VB.AMO1P	＊
VB.AMO1S	＊
VB.AMO3P	＊
VB.AMO3S	＊
VB.AMPAPF	＊
VB.AMPAPM	＊
VB.AMPAPN	＊
VB.AMPASF	＊
VB.AMPASM	＊
VB.AMPASN	＊
VB.AMPDPM	＊
VB.AMPDSM	＊
VB.AMPGPM	＊
VB.AMPGPN	＊
VB.AMPGSF	＊
VB.AMPGSM	＊
VB.AMPGSN	＊
VB.AMPNPF	＊
VB.AMPNPM	＊
VB.AMPNPN	＊
VB.AMPNSF	＊
VB.AMPNSM	＊
VB.AMPNSN	＊
VB.AMS1P	＊
VB.AMS1S	＊
VB.AMS2P	＊
VB.AMS2S	＊
VB.AMS3P	＊
VB.AMS3S	＊
VB.APD2P	＊
VB.APD2S	＊
VB.APD3S	＊
VB.APS2S	＊
VB.IAI3P	＊
VB.PAD2S	＊
VB.PAD3S	＊
VBI.AAD2P	＊
VBI.AAD2S	＊
VBI.AAD3P	＊
VBI.AAD3S	＊
VBI.AAI1P	＊
VBI.AAI1S	＊
VBI.AAI2P	＊
VBI.AAI2S	＊
VBI.AAI3P	＊
VBI.AAI3S	＊
VBI.AAN	＊
VBI.AAPAPM	＊
VBI.AAPGPM	＊
VBI.AAPGSM	＊
VBI.AAPNPM	＊
VBI.AAPNSF	＊
VBI.AAS1P	＊
VBI.AAS1S	＊
VBI.AAS2P	＊
VBI.AAS2S	＊
VBI.AAS3P	＊
VBI.AAS3S	＊
VBI.AMI1P	＊
VBI.AMI1S	＊
VBI.AMI2P	＊
VBI.AMI2S	＊
VBI.AMI3P	＊
VBI.AMI3S	＊
VBI.AMP	＊
VBI.AMS1P	＊
VBI.API1P	＊
VBI.API3P	＊
VBI.API3S	＊
VBI.IMI3P	＊
VC.AAD2S	＊
VC.AAPASN	＊
VC.AMD2P	＊
VC.AMN	＊
VC.AMPNPF	＊
VC.AMPNSM	＊
VC.APD2P	＊
VC.APD2S	＊
VC.APD3P	＊
VC.APD3S	＊
VC.API1P	＊
VC.API1S	＊
VC.API2P	＊
VC.API2S	＊
VC.API3P	＊
VC.API3S	＊
VC.APN	＊
VC.APO1P	＊
VC.APO1S	＊
VC.APO2P	＊
VC.APO2S	＊
VC.APO3P	＊
VC.APO3S	＊
VC.APP2S	＊
VC.APPAPF	＊
VC.APPAPM	＊
VC.APPAPN	＊
VC.APPASF	＊
VC.APPASM	＊
VC.APPASN	＊
VC.APPDPM	＊
VC.APPDPN	＊
VC.APPDSF	＊
VC.APPDSM	＊
VC.APPGPM	＊
VC.APPGPN	＊
VC.APPGSF	＊
VC.APPGSM	＊
VC.APPGSN	＊
VC.APPNPF	＊
VC.APPNPM	＊
VC.APPNPN	＊
VC.APPNSF	＊
VC.APPNSM	＊
VC.APPNSN	＊
VC.APS1P	＊
VC.APS1S	＊
VC.APS2P	＊
VC.APS2S	＊
VC.APS3P	＊
VC.APS3S	＊
VC.FMI2P	＊
VC.FPI1P	＊
VC.FPI1S	＊
VC.FPI2P	＊
VC.FPI2S	＊
VC.FPI3P	＊
VC.FPI3S	＊
VC.FPN	＊
VC.FPPAPF	＊
VC.FPPAPN	＊
VC.FPPDPM	＊
VC.FPPDPN	＊
VC.FPPDSM	＊
VC.FPPGPM	＊
VC.FPPNSM	＊
VC.FPPNSN	＊
VC.FPS2S	＊
VC.FPS3P	＊
VC.PMI3P	＊
VCI.AAI3P	＊
VCI.AAI3S	＊
VCI.AAP3S	＊
VCI.AMI3P	＊
VCI.APD2S	＊
VCI.APD3P	＊
VCI.API1P	＊
VCI.API1S	＊
VCI.API2P	＊
VCI.API2S	＊
VCI.API3P	＊
VCI.API3S	＊
VCI.APO3P	＊
VCI.APPNSF	＊
VCI.FPI3S	＊
VD.AAD2P	＊
VD.AAS2P	＊
VD.AAS3S	＊
VD.AMI3P	＊
VD.AMS3S	＊
VD.APD2P	＊
VD.APD2S	＊
VD.APD3P	＊
VD.APD3S	＊
VD.API2S	＊
VD.API3P	＊
VD.API3S	＊
VD.APN	＊
VD.APO3P	＊
VD.APO3S	＊
VD.APPAPM	＊
VD.APPAPN	＊
VD.APPASF	＊
VD.APPASM	＊
VD.APPASN	＊
VD.APPDPM	＊
VD.APPGPM	＊
VD.APPGPN	＊
VD.APPGSM	＊
VD.APPGSN	＊
VD.APPNPM	＊
VD.APPNPN	＊
VD.APPNSF	＊
VD.APPNSM	＊
VD.APPNSN	＊
VD.APS1P	＊
VD.APS1S	＊
VD.APS2P	＊
VD.APS2S	＊
VD.APS3P	＊
VD.APS3S	＊
VD.FPI1P	＊
VD.FPI1S	＊
VD.FPI2P	＊
VD.FPI2S	＊
VD.FPI3P	＊
VD.FPI3S	＊
VD.PPPNPN	＊
VDI.AAI3P	＊
VDI.APD2P	＊
VDI.API1P	＊
VDI.API1S	＊
VDI.API2P	＊
VDI.API2S	＊
VDI.API3P	＊
VDI.API3S	＊
VDI.APPAPM	＊
VE.AAD2P	＊
VE.AAD2S	＊
VE.AAD3P	＊
VE.AAN	＊
VE.AAO3S	＊
VE.AAPGPM	＊
VE.AAPNPM	＊
VE.AAPNSF	＊
VE.AAPNSM	＊
VE.AAS1P	＊
VE.AAS1S	＊
VE.AAS2P	＊
VE.AAS2S	＊
VE.AAS3P	＊
VE.AAS3S	＊
VE.AMD2P	＊
VE.AMD2S	＊
VE.AMD3S	＊
VE.AMI3P	＊
VE.AMI3S	＊
VE.AMN	＊
VE.AMPAPM	＊
VE.AMPASM	＊
VE.AMPDPM	＊
VE.AMPGSM	＊
VE.AMPNPF	＊
VE.AMPNPM	＊
VE.AMPNSM	＊
VE.AMS1P	＊
VE.AMS1S	＊
VE.AMS2P	＊
VE.AMS3P	＊
VE.AMS3S	＊
VE.APN	＊
VE1.AMI3P	＊
VEI.AAD2S	＊
VEI.AAI1P	＊
VEI.AAI3P	＊
VEI.AAI3S	＊
VEI.AMI1S	＊
VEI.AMI2P	＊
VEI.AMI2S	＊
VEI.AMI3P	＊
VEI.AMI3S	＊
VEI.API1S	＊
VEI.API2P	＊
VEI.API3S	＊
VEI.IAI1S	＊
VEI.IMI1S	＊
VF.AAD2P	＊
VF.AAS1S	＊
VF.AAS3S	＊
VF.AI3P	＊
VF.FAD2S	＊
VF.FAI1P	＊
VF.FAI1S	＊
VF.FAI2P	＊
VF.FAI2S	＊
VF.FAI3P	＊
VF.FAI3S	＊
VF.FAN	＊
VF.FAO3S	＊
VF.FAPAPM	＊
VF.FAPASM	＊
VF.FAPASN	＊
VF.FAPNPM	＊
VF.FAPNSM	＊
VF.FAPNSN	＊
VF.FAS1S	＊
VF.FMD2P	＊
VF.FMI1P	＊
VF.FMI1S	＊
VF.FMI2P	＊
VF.FMI2S	＊
VF.FMI3P	＊
VF.FMI3S	＊
VF.FMN	＊
VF.FMO3S	＊
VF.FMPAPM	＊
VF.FMPAPN	＊
VF.FMPASM	＊
VF.FMPASN	＊
VF.FMPGPN	＊
VF.FMPGSF	＊
VF.FMPGSM	＊
VF.FMPNPN	＊
VF.FMPNSM	＊
VF.FMPNSN	＊
VF.FMS2S	＊
VF.FPI2S	＊
VF.FPI3P	＊
VF.FPI3S	＊
VF.PAI1S	＊
VF.PAI2S	＊
VF.PAPNSM	＊
VF2.FAI1P	＊
VF2.FAI1S	＊
VF2.FAI2P	＊
VF2.FAI2S	＊
VF2.FAI3P	＊
VF2.FAI3S	＊
VF2.FAN	＊
VF2.FAO3P	＊
VF2.FAPAPM	＊
VF2.FAPNPM	＊
VF2.FAPNSF	＊
VF2.FAPNSM	＊
VF2.FMI1P	＊
VF2.FMI1S	＊
VF2.FMI2P	＊
VF2.FMI2S	＊
VF2.FMI3P	＊
VF2.FMI3S	＊
VF2.FMO1P	＊
VF2.FPI1P	＊
VF2.FPI2P	＊
VF2.PAI3P	＊
VF2.PAI3S	＊
VF3.FAI1S	＊
VFI.FAI2S	＊
VFI.FAI3S	＊
VFX.FAI3P	＊
VFX.FMI1S	＊
VFX.FMI2P	＊
VFX.FMI2S	＊
VFX.FMI3P	＊
VFX.FMI3S	＊
VFX.FPI3S	＊
VH.AAD2P	＊
VH.AAD2S	＊
VH.AAD3P	＊
VH.AAD3S	＊
VH.AAN	＊
VH.AAO3S	＊
VH.AAPAPM	＊
VH.AAPGPF	＊
VH.AAPGPM	＊
VH.AAPGSF	＊
VH.AAPGSM	＊
VH.AAPNPF	＊
VH.AAPNPM	＊
VH.AAPNSF	＊
VH.AAPNSM	＊
VH.AAS1P	＊
VH.AAS1S	＊
VH.AAS2P	＊
VH.AAS2S	＊
VH.AAS3P	＊
VH.AAS3S	＊
VH.AMD2P	＊
VH.AMN	＊
VH.AMPDSF	＊
VH.AMPNPM	＊
VH.AMPNSM	＊
VH.AMS2S	＊
VH.APD2S	＊
VH.IAI2S	＊
VHI.AAI1P	＊
VHI.AAI1S	＊
VHI.AAI2P	＊
VHI.AAI2S	＊
VHI.AAI3P	＊
VHI.AAI3S	＊
VHI.AMI3S	＊
VHI.AMPNSF	＊
VHI.IAI3P	＊
VI.PAI3S	＊
VK.XAI1S	＊
VK.XAPGPM	＊
VK.XMI1S	＊
VK.XMI2S	＊
VK.XMI3S	＊
VK.XMN	＊
VK.XMPAPM	＊
VK.XMPAPN	＊
VK.XMPASF	＊
VK.XMPASM	＊
VK.XMPASN	＊
VK.XMPDPF	＊
VK.XMPDPM	＊
VK.XMPDPN	＊
VK.XMPDSM	＊
VK.XMPGPM	＊
VK.XMPGSM	＊
VK.XMPNPF	＊
VK.XMPNPM	＊
VK.XMPNPN	＊
VK.XMPNSF	＊
VK.XMPNSM	＊
VK.XMPNSN	＊
VK.XPI2S	＊
VK.XPI3S	＊
VK.XPN	＊
VK.XPPAPN	＊
VK.XPPASF	＊
VK.XPPASN	＊
VK.XPPGPM	＊
VK.XPPGPN	＊
VK.XPPNPM	＊
VK.XPPNSF	＊
VK.XPPNSM	＊
VK.YMI3S	＊
VKI.XAPAPN	＊
VKI.XMI3S	＊
VKI.XMPAPN	＊
VKI.XMPNPF	＊
VKI.XMPNPM	＊
VKI.XMPNSM	＊
VKI.XPPNSM	＊
VKI.YMI3S	＊
VM.AMPNPM	＊
VM.FPI3P	＊
VM.PMPASM	＊
VM.PMPDPM	＊
VM.PMPGPM	＊
VM.PMPGSN	＊
VM.PMPNPM	＊
VM.PPI3S	＊
VM.PPN	＊
VM.PPPASF	＊
VM.PPPGPN	＊
VM.PPPGSF	＊
VM.PPPGSM	＊
VM.XAI1S	＊
VM.XAPNPM	＊
VM.XMD2P	＊
VM.XMD3P	＊
VM.XMD3S	＊
VM.XMI1P	＊
VM.XMI1S	＊
VM.XMI2P	＊
VM.XMI2S	＊
VM.XMI3P	＊
VM.XMI3S	＊
VM.XMN	＊
VM.XMPAPF	＊
VM.XMPAPM	＊
VM.XMPAPN	＊
VM.XMPASF	＊
VM.XMPASM	＊
VM.XMPASN	＊
VM.XMPDPF	＊
VM.XMPDPM	＊
VM.XMPDPN	＊
VM.XMPDSF	＊
VM.XMPDSM	＊
VM.XMPDSN	＊
VM.XMPGPM	＊
VM.XMPGPN	＊
VM.XMPGSF	＊
VM.XMPGSM	＊
VM.XMPGSN	＊
VM.XMPNPF	＊
VM.XMPNPM	＊
VM.XMPNPN	＊
VM.XMPNSF	＊
VM.XMPNSM	＊
VM.XMPNSN	＊
VM.XMPVPM	＊
VM.XMPVSM	＊
VM.XPD3P	＊
VM.XPI1P	＊
VM.XPI1S	＊
VM.XPI2S	＊
VM.XPI3P	＊
VM.XPI3S	＊
VM.XPN	＊
VM.XPP2S	＊
VM.XPPAPF	＊
VM.XPPAPM	＊
VM.XPPAPN	＊
VM.XPPASF	＊
VM.XPPASM	＊
VM.XPPASN	＊
VM.XPPDPF	＊
VM.XPPDPM	＊
VM.XPPDSF	＊
VM.XPPDSM	＊
VM.XPPGPF	＊
VM.XPPGPM	＊
VM.XPPGPN	＊
VM.XPPGSF	＊
VM.XPPGSM	＊
VM.XPPNPF	＊
VM.XPPNPM	＊
VM.XPPNPN	＊
VM.XPPNSF	＊
VM.XPPNSM	＊
VM.XPPNSN	＊
VM.YMI3S	＊
VMI.AMPAPM	＊
VMI.AMPGPN	＊
VMI.XAPNSF	＊
VMI.XAPNSN	＊
VMI.XMI1P	＊
VMI.XMI1S	＊
VMI.XMI3S	＊
VMI.XMN	＊
VMI.XMPAPM	＊
VMI.XMPAPN	＊
VMI.XMPASM	＊
VMI.XMPASN	＊
VMI.XMPDPF	＊
VMI.XMPGPM	＊
VMI.XMPGSF	＊
VMI.XMPNPF	＊
VMI.XMPNPM	＊
VMI.XMPNPN	＊
VMI.XMPNSF	＊
VMI.XMPNSM	＊
VMI.XMPVSF	＊
VMI.XPI3S	＊
VMI.XPPAPN	＊
VMI.XPPASF	＊
VMI.XPPASN	＊
VMI.XPPNPF	＊
VMI.XPPNPM	＊
VMI.XPPNSF	＊
VMI.XPPNSM	＊
VMI.XPPNSN	＊
VMI.YMI1S	＊
VMI.YMI3P	＊
VMI.YMI3S	＊
VMI.YMPNPM	＊
VMI.YMPNSM	＊
VMI.YPI3S	＊
VMI.YPPASM	＊
VO.AAD2P	＊
VO.AAD2S	＊
VO.AAD3P	＊
VO.AAD3S	＊
VO.AAN	＊
VO.AAO2S	＊
VO.AAO3S	＊
VO.AAPAPM	＊
VO.AAPDSM	＊
VO.AAPGSM	＊
VO.AAPNPM	＊
VO.AAPNSF	＊
VO.AAPNSM	＊
VO.AAS1P	＊
VO.AAS1S	＊
VO.AAS2P	＊
VO.AAS2S	＊
VO.AAS3P	＊
VO.AAS3S	＊
VO.AMD2P	＊
VO.AMD2S	＊
VO.AMN	＊
VO.AMPNPM	＊
VO.AMS3S	＊
VOI.AAI1P	＊
VOI.AAI3P	＊
VOI.AMI2P	＊
VOI.AMI3P	＊
VOI.AMI3S	＊
VP.APN	＊
VP.IAI3S	＊
VP.IMI1S	＊
VP.PMPNSM	＊
VP.PPPASF	＊
VP.PPPGSM	＊
VP.XMI1S	＊
VP.XMI3S	＊
VP.XMPAPF	＊
VP.XMPAPM	＊
VP.XMPAPN	＊
VP.XMPASF	＊
VP.XMPASM	＊
VP.XMPASN	＊
VP.XMPDPF	＊
VP.XMPDPM	＊
VP.XMPDPN	＊
VP.XMPDSF	＊
VP.XMPDSN	＊
VP.XMPGPM	＊
VP.XMPGPN	＊
VP.XMPGSF	＊
VP.XMPGSM	＊
VP.XMPNPF	＊
VP.XMPNPM	＊
VP.XMPNPN	＊
VP.XMPNSF	＊
VP.XMPNSM	＊
VP.XMPNSN	＊
VP.XPI3S	＊
VP.XPPAPF	＊
VP.XPPAPM	＊
VP.XPPAPN	＊
VP.XPPASF	＊
VP.XPPASM	＊
VP.XPPASN	＊
VP.XPPNPF	＊
VP.XPPNPM	＊
VP.XPPNPN	＊
VP.XPPNSF	＊
VP.XPPNSM	＊
VP.XPPNSN	＊
VPI.API3S	＊
VPI.XMPNSN	＊
VPI.XPPNPM	＊
VPI.XPPNSF	＊
VPI.YMI3S	＊
VPI.YMPASN	＊
VPI.YMPNSN	＊
VPI.YPI3S	＊
VQ.AAD2P	＊
VQ.AAS1P	＊
VQ.APD2P	＊
VQ.APD3P	＊
VQ.APD3S	＊
VQ.API1S	＊
VQ.API2P	＊
VQ.API3P	＊
VQ.API3S	＊
VQ.APN	＊
VQ.APO1P	＊
VQ.APO3P	＊
VQ.APO3S	＊
VQ.APPAPM	＊
VQ.APPAPN	＊
VQ.APPASN	＊
VQ.APPGPM	＊
VQ.APPGSF	＊
VQ.APPGSM	＊
VQ.APPGSN	＊
VQ.APPNPM	＊
VQ.APPNPN	＊
VQ.APPNSF	＊
VQ.APPNSM	＊
VQ.APPNSN	＊
VQ.APS1P	＊
VQ.APS2P	＊
VQ.APS2S	＊
VQ.APS3P	＊
VQ.APS3S	＊
VQ.FPI1S	＊
VQ.FPI2P	＊
VQ.FPI2S	＊
VQ.FPI3P	＊
VQ.FPI3S	＊
VQ.FPPAPM	＊
VQ.FPPNPM	＊
VQ.PMI2P	＊
VQI.AAI3P	＊
VQI.AAI3S	＊
VQI.API1P	＊
VQI.API1S	＊
VQI.API2P	＊
VQI.API2S	＊
VQI.API3P	＊
VQI.API3S	＊
VS.AAD2P	＊
VS.AAD2S	＊
VS.AAN	＊
VS.AAS1P	＊
VS.AAS2P	＊
VS.AAS2S	＊
VS.AAS3P	＊
VS.AMD2P	＊
VS.AMD2S	＊
VS.APD2P	＊
VS.APD2S	＊
VS.APD3P	＊
VS.APD3S	＊
VS.API1S	＊
VS.API2S	＊
VS.API3P	＊
VS.API3S	＊
VS.APN	＊
VS.APO1P	＊
VS.APO2S	＊
VS.APO3P	＊
VS.APO3S	＊
VS.APPAPM	＊
VS.APPAPN	＊
VS.APPASF	＊
VS.APPASM	＊
VS.APPASN	＊
VS.APPDSM	＊
VS.APPGPM	＊
VS.APPGPN	＊
VS.APPGSF	＊
VS.APPGSM	＊
VS.APPGSN	＊
VS.APPNPM	＊
VS.APPNPN	＊
VS.APPNSF	＊
VS.APPNSM	＊
VS.APPNSN	＊
VS.APPVSF	＊
VS.APS1P	＊
VS.APS1S	＊
VS.APS2P	＊
VS.APS2S	＊
VS.APS3P	＊
VS.APS3S	＊
VS.FAI3S	＊
VS.FPI1P	＊
VS.FPI1S	＊
VS.FPI2P	＊
VS.FPI2S	＊
VS.FPI3P	＊
VS.FPI3S	＊
VS.PPPNSM	＊
VS.XPPGPN	＊
VS.XPPNSF	＊
VS.XPPNSM	＊
VSI.AAI1S	＊
VSI.AAI3P	＊
VSI.AAI3S	＊
VSI.AAS1S	＊
VSI.AMI1S	＊
VSI.AMI3S	＊
VSI.API1P	＊
VSI.API1S	＊
VSI.API2P	＊
VSI.API2S	＊
VSI.API3P	＊
VSI.API3S	＊
VT.PPN	＊
VT.PPPASM	＊
VT.XAI3S	＊
VT.XAPGSM	＊
VT.XAPNSF	＊
VT.XMI1P	＊
VT.XMI1S	＊
VT.XMI2S	＊
VT.XMI3S	＊
VT.XMN	＊
VT.XMPAPF	＊
VT.XMPAPM	＊
VT.XMPAPN	＊
VT.XMPASF	＊
VT.XMPASM	＊
VT.XMPASN	＊
VT.XMPDPF	＊
VT.XMPDPM	＊
VT.XMPDSF	＊
VT.XMPDSM	＊
VT.XMPDSN	＊
VT.XMPGPF	＊
VT.XMPGPM	＊
VT.XMPGSF	＊
VT.XMPGSM	＊
VT.XMPGSN	＊
VT.XMPNPF	＊
VT.XMPNPM	＊
VT.XMPNPN	＊
VT.XMPNSF	＊
VT.XMPNSM	＊
VT.XMPNSN	＊
VT.XPI3S	＊
VT.XPPAPF	＊
VT.XPPAPM	＊
VT.XPPAPN	＊
VT.XPPASF	＊
VT.XPPASM	＊
VT.XPPASN	＊
VT.XPPDPM	＊
VT.XPPDSF	＊
VT.XPPDSM	＊
VT.XPPDSN	＊
VT.XPPGPM	＊
VT.XPPGPN	＊
VT.XPPGSF	＊
VT.XPPGSM	＊
VT.XPPGSN	＊
VT.XPPNPF	＊
VT.XPPNPM	＊
VT.XPPNPN	＊
VT.XPPNSF	＊
VT.XPPNSM	＊
VT.XPPNSN	＊
VT.YPP3S	＊
VTI.AAI3P	＊
VTI.API3P	＊
VTI.XMPASN	＊
VTI.XMPNPM	＊
VV.AAD2S	＊
VV.AMN	＊
VV.APD2S	＊
VV.APD3P	＊
VV.APD3S	＊
VV.API3P	＊
VV.API3S	＊
VV.APN	＊
VV.APO3S	＊
VV.APPAPF	＊
VV.APPAPM	＊
VV.APPAPN	＊
VV.APPASF	＊
VV.APPASM	＊
VV.APPASN	＊
VV.APPDPM	＊
VV.APPDPN	＊
VV.APPDSF	＊
VV.APPDSM	＊
VV.APPGPM	＊
VV.APPGSM	＊
VV.APPNPF	＊
VV.APPNPM	＊
VV.APPNSF	＊
VV.APPNSM	＊
VV.APPNSN	＊
VV.APS1P	＊
VV.APS1S	＊
VV.APS2P	＊
VV.APS2S	＊
VV.APS3P	＊
VV.APS3S	＊
VV.FPI1S	＊
VV.FPI2P	＊
VV.FPI2S	＊
VV.FPI3P	＊
VV.FPI3S	＊
VV.PPPASN	＊
VV.XPPNPF	＊
VVI.AAI3P	＊
VVI.AMI1S	＊
VVI.API1P	＊
VVI.API1S	＊
VVI.API2S	＊
VVI.API3P	＊
VVI.API3S	＊
VX.AAD2S	＊
VX.FPI3S	＊
VX.PAI3S	＊
VX.PAPAPN	＊
VX.XAD2P	＊
VX.XAD2S	＊
VX.XAD3P	＊
VX.XAD3S	＊
VX.XAI1P	＊
VX.XAI1S	＊
VX.XAI2P	＊
VX.XAI2S	＊
VX.XAI3P	＊
VX.XAI3S	＊
VX.XAN	＊
VX.XAO3S	＊
VX.XAPAPF	＊
VX.XAPAPM	＊
VX.XAPAPN	＊
VX.XAPASF	＊
VX.XAPASM	＊
VX.XAPASN	＊
VX.XAPDPM	＊
VX.XAPDPN	＊
VX.XAPDSF	＊
VX.XAPDSM	＊
VX.XAPGPF	＊
VX.XAPGPM	＊
VX.XAPGPN	＊
VX.XAPGSF	＊
VX.XAPGSM	＊
VX.XAPGSN	＊
VX.XAPNPF	＊
VX.XAPNPM	＊
VX.XAPNPN	＊
VX.XAPNSF	＊
VX.XAPNSM	＊
VX.XAPNSN	＊
VX.XAPVPM	＊
VX.XAS2P	＊
VX.XAS2S	＊
VX.XAS3P	＊
VX.XMI1S	＊
VX.XMI2P	＊
VX.XMI2S	＊
VX.XMI3P	＊
VX.XMI3S	＊
VX.XMN	＊
VX.XMPAPM	＊
VX.XMPAPN	＊
VX.XMPASN	＊
VX.XMPDSM	＊
VX.XMPGPM	＊
VX.XMPGPN	＊
VX.XMPGSM	＊
VX.XMPGSN	＊
VX.XMPNPF	＊
VX.XMPNPM	＊
VX.XMPNSM	＊
VX.XPI1P	＊
VX.XPI3P	＊
VX.XPI3S	＊
VX.XPN	＊
VX.XPPAPM	＊
VX.XPPAPN	＊
VX.XPPASM	＊
VX.XPPASN	＊
VX.XPPDSF	＊
VX.XPPGPM	＊
VX.XPPGSF	＊
VX.XPPGSM	＊
VX.XPPNPM	＊
VX.XPPNPN	＊
VX.XPPNSM	＊
VX.YAI1S	＊
VX.YAI3P	＊
VX.YAI3S	＊
VXI.AAI3S	＊
VXI.AAN	＊
VXI.API3S	＊
VXI.PAPGSF	＊
VXI.PMI1S	＊
VXI.PMPNPM	＊
VXI.XAI1P	＊
VXI.XAI1S	＊
VXI.XAI2P	＊
VXI.XAI2S	＊
VXI.XAI3P	＊
VXI.XAI3S	＊
VXI.XAIASF	＊
VXI.XAN	＊
VXI.XAPAPM	＊
VXI.XAPASF	＊
VXI.XAPASM	＊
VXI.XAPASN	＊
VXI.XAPDPM	＊
VXI.XAPDPN	＊
VXI.XAPDSM	＊
VXI.XAPDSN	＊
VXI.XAPGPM	＊
VXI.XAPGPN	＊
VXI.XAPGSM	＊
VXI.XAPGSN	＊
VXI.XAPNPF	＊
VXI.XAPNPM	＊
VXI.XAPNPN	＊
VXI.XAPNSF	＊
VXI.XAPNSM	＊
VXI.XAPNSN	＊
VXI.XMI1S	＊
VXI.XMI3S	＊
VXI.XMPAPN	＊
VXI.XMPASF	＊
VXI.XPI3S	＊
VXI.XPPAPN	＊
VXI.XPPASM	＊
VXI.XPPNPM	＊
VXI.XPPNSM	＊
VXI.XPS3S	＊
VXI.YAI1P	＊
VXI.YAI1S	＊
VXI.YAI2P	＊
VXI.YAI2S	＊
VXI.YAI3P	＊
VXI.YAI3S	＊
VXI.YPI3S	＊
VY.YAI1P	＊
VY.YAI2S	＊
VY.YAI3P	＊
VYI.YAI3P	＊
VZ.AAD2P	＊
VZ.AAD2S	＊
VZ.AAD3P	＊
VZ.AAD3S	＊
VZ.AAI3P	＊
VZ.AAI3S	＊
VZ.AAN	＊
VZ.AAO1S	＊
VZ.AAO3S	＊
VZ.AAPAPN	＊
VZ.AAPASN	＊
VZ.AAPDSM	＊
VZ.AAPGSM	＊
VZ.AAPGSN	＊
VZ.AAPNPM	＊
VZ.AAPNPN	＊
VZ.AAPNSF	＊
VZ.AAPNSM	＊
VZ.AAS1P	＊
VZ.AAS1S	＊
VZ.AAS2P	＊
VZ.AAS2S	＊
VZ.AAS3P	＊
VZ.AAS3S	＊
VZ.AMI3S	＊
VZ.AMPGSM	＊
VZ.AMS2S	＊
VZ.AMS3S	＊
VZ.APD2P	＊
VZ.APD2S	＊
VZ.APPNSM	＊
VZ.PAPNPM	＊
VZI.AAI1P	＊
VZI.AAI1S	＊
VZI.AAI2P	＊
VZI.AAI2S	＊
VZI.AAI3P	＊
VZI.AAI3S	＊
VZI.API3P	＊
VZI.API3S	＊
X.	＊
