Ααρων	Ααρων＆Ἀαρών
Αβδιου	Αβδιας＆Αβδιου
Αβρααμ	Αβρααμ＆Ἀβραάμ
ἀγαλλιάσει	ἀγαλλιάομαι＆ἀγαλλίασις
ἀγαπήσει	ἀγαπάω＆ἀγάπησις
Αγγαιου	Αγγαιας＆Αγγαιος＆Ἁγγαῖος＆Αγγαιου
ᾅδου	ἅδης＆ᾅδης＆αἵδης
Αδουηλ	Αδουηλ＆Ἀδουηλ
Αδωνια	Αδωνια＆Αδωνίας
Αδωνιας	Αδωνιας＆Αδωνίας
Αζαρια	Αζαρια＆Αζαριας＆Ἀζαρίας
Αζαριαν	Αζαρια＆Αζαριας
Αζαριας	Αζαριας＆Ἀζαρίας
Αζαριου	Αζαριας＆Αζαριου
Αἰθιοπίας	Αἰθιοπία＆Αἰθίοψ
αἰνέσει	αἴνεσις＆αἰνέω
ἀκούσατε	ἀδούω＆ἀκούω
ἄκρᾳ	ἄκρα＆ἄκρος
ἄκραν	ἄκρα＆ἄκρος
ἄκρας	ἄκρα＆ἄκρος
ἀκρὶς	ἀκρίς＆ἄκρις
αλληλουια	ἀλληλούι｜α＆αλληλουια
ἀλλοιώσει	ἀλλοιόω＆ἀλλοίωσις
ἅλω	ἅλων＆ἅλως
Αμαδαθου	Αμαδαθος＆Αμαδαθου
Αμαληκίτου	Αμαληκίτης＆Αμαληκίτος
Αμαν	Αμαν＆Ἁμάν
Αμαριου	Αμαριας＆Ἀμαρίας
Αμασιαν	Αμασιαν＆Αμασιας
ἀμαυροῖ	ἀμαυρός＆ἀμαυρόω
αμην	αμην＆ἀμήν
ἄμητος	ἀμητός＆ἄμητος
Αμμανῖται	Αμμανείτης＆Αμμανῖται＆Αμμανίτης
Αμμανίτην	Αμμανίτην＆Αμμανίτης
ἀμφότεροι	ἀμφότεροι＆ἄμφότεροι
Αμως	Αμως＆Ἁμώς
Αναηλ	Αναηλ＆Ἁναηλ
Ανανια	Ανανια＆Ανανιας
Ανανιαν	Ανανιας＆Ἀνανίας
Ανανιηλ	Ανανιηλ＆Ἁνανιηλ
Ανανιου	Ανανιας＆Ἀνανίας＆Ανανιος
ἀνάξει	ἄγω＆ἄναξις
ἀναπαύσει	ἀνάπαυσις＆παύω
ἀνδρεία	ἀνδρεία＆ἀνδρεῖος
ἀνδρείᾳ	ἀνδρεία＆ἀνδρεῖος
ἀνδρείαν	ἀνδρεία＆ἀνδρεῖος
ἀνδρείας	ἀνδρεία＆ἀνδρεῖος
ἀνθρώπων	ἄνθροπος＆ἄνθρωπος
Αννα	Αννα＆Ἅννα
Αννας	Αννα＆Αννας
ἀνομοῦντες	ἀνομέω＆ὄμνυμι
ἀντιλήμπτωρ	ἀντιλήμπτωρ＆ἀντιλήπτωρ
ἀντιπρόσωποι	ἀντιπροσώπος＆ἀντιπρόσωπος
ἀξίαν	ἀξία＆ἄξιος
ἀξίου	ἄξιος＆ἀξιόω
ἀπαιτήσει	αἰτέω＆ἀπαίτησις
ἀπαντήσει	ἀντάω＆ἀπάντησις
ἀπειθεῖ	ἀπειθέω＆ἀπειθής
ἀπειθεῖς	ἀπειθέω＆ἀπειθής
ἀπειλῇ	ἀπειλή＆εἰλέω
ἀποπλανήσει	ἀποπλάνησις＆πλανάω
ἀποτείσαι	τείνω＆τίνω
Αραβα	Αραβα＆Ἀραβά
Ἀραβίας	Ἀραβία＆Ἀράβια
ἀρέσει	ἀρέσκω＆ἀρέσω
ἀριθμῶν	ἀριθμέω＆ἀριθμός
ἄρχοντας	ἄρχω＆ἄρχων
ἀρχόντων	ἄρχω＆ἄρχων
ἄρχουσιν	ἄρχω＆ἄρχων
ἄρχων	ἄρχω＆ἄρχων
Ασαια	Ασαια＆Ασαιας
ἀσεβῶν	ἀσεβέω＆ἀσεβής
ἀσθενῶν	ἀσθενέω＆ἀσθενής
ασιδα	ασιδα＆ἀσίδα
Ασιηλ	Ασιηλ＆Ἀσιηλ
Ἀστάρταις	Ἀστάρτα＆Ἀστάρτη
Αυσίτιδι	Αυσίτις＆Αυσῖτις
αὗται	ἑαυτοῦ＆οὗτος
αὐτοῦ	αὐτός＆αὐτοῦ
Αχιαχαρος	Αχιαχαρος＆Ἀχιάχαρος
Βααλιμ	Βααλ＆Βααλιμ
Βαανα	Βαανα＆Βαανά
Βαβυλῶνα	Βαβυλών＆Βαβυλῶνα
Βαβυλωνίαν	Βαβυλωνία＆Βαβυλωνίαν
Βαβυλώνιοι	Βαβυλωνίος＆Βαβυλώνιος
Βαγοι	Βαγοεί＆Βαγοι
Βαναια	Βαναια＆Βαναιας
Βαναιου	Βαναιας＆Βαναιου
Βανι	Βανεί＆Βανι
Βαραχιου	Βαραχιας＆Βαραχίας＆Βαραχιος
βάρει	βάρις＆βαρύς
βασίλειον	βασίλειον＆βασίλειος
βασιλείων	βασίλειον＆βασίλειος
βαφῇ	βάπτω＆βαφή
βέβηλοι	βέβηλος＆βεβηλόω
βεβηλώσει	βεβηλόω＆βεβήλωσις
Βηβαι	Βηβαι＆Βηβαί
βοηθήσει	βοάω＆βοηθέω
βοηθῶν	βοηθέω＆βοηθός
βουκολίου	βουκόλιον＆βουλόλιον
βουκολίων	βουκόλιον＆βουλόλιον
Γαβαηλ	Γαβαηλ＆Γαβαήλ
Γαβαήλῳ	Γαβαήλος＆Γαβάηλος
Γαδδι	Γαδ＆Γαδδι
Γάζαν	Γάζα＆Γάζαν
Γαζαρα	Γαζαρα＆Γάζαρα
Γαζαρων	Γαζαρα＆Γαζαρων
Γαλααδίτιδι	Γαλααδίτις＆Γαλααδῖτις
Γαλααδίτιδος	Γαλααδίτιδος＆Γαλααδίτις＆Γαλααδῖτις
Γαλααδῖτιν	Γαλααδῖτιν＆Γαλααδῖτις
Γαλγαλα	Γαλγαλα＆Γάλγαλα
Γαλιλαίᾳ	Γαλιλαία＆Γαλιλαίᾳ
Γαμαριου	Γαμαριος＆Γαμαριου
γένεσιν	γένεσις＆γένος
γεννήσει	γεννάω＆γέννησις
Γεσεμ	Γεσεμ＆Γέσεμ
γνώσει	γιγνώσκω＆γνῶσις
γνῶσιν	γιγνώσκω＆γνῶσις
Γοδολια	Γοδολια＆Γοδολιας
Γοδολιου	Γοδολιας＆Γοδολιος
Γωζαν	Γωζα＆Γωζαν
Δαμασκός	Δαμασκος＆Δαμασκός
Δαμασκοῦ	Δαμασκος＆Δαμασκός＆Δαμάσκος
Δαμασκῷ	Δαμασκος＆Δαμασκός＆Δαμάσκος
Δαρείου	Δαρείος＆Δαρεῖος
Δαυιδ	Δαυιδ＆Δαυίδ
δεήθητι	δέομαι＆δέω
δεήσει	δέησις＆δέω
δείλης	δείλη＆δειλός
δειλία	δειλία＆δειλιάω
δέομαι	δέομαι＆δέω
δεόμεθα	δέομαι＆δέω
δεόμενον	δέομαι＆δέω
δεομένων	δέομαι＆δέω
Διακοπὴ	διακοπή＆Διακοπή
διαλύσει	διάλυσις＆λύω
διαρπαγῇ	ἁρπάζω＆διαρπαγή
διατάξεις	διάταξις＆τάσσω
δικαιώσει	δικαιόω＆δικαίωσις
διψῶν	διψάω＆δίψος
δοκῶν	δοκέω＆δοκός
δοξάσαι	δοκέω＆δοξάζω
δόξῃ	δοκέω＆δόξα
ἐβάρυναν	βαρύνω＆ἐβάρυναν
ἐβόα	βοάω＆βοῦς
Εβραίαν	Εβραῖα＆Εβραῖος
Εβραίων	Εβραίος＆Εβραῖος
ἔγγιστά	ἔγγιστα＆ἐγγύς
ἐγγίων	ἐγγίζω＆ἐγγύς
ἐγκατάλειμμα	ἐγκατάλειιμα＆ἐγκατάλειμμα
ἐγκαταλείμματά	ἐγκαταλείμμα＆ἐγκατάλειμμα
ἐγκρατεῖς	ἐγκρατής＆κρατέω
ἐδέετο	δέομαι＆δέω
ἐδεήθην	δέομαι＆δέω
ἔδει	δέω＆ἐσθίω
Εδνα	Εδνα＆Ἐδνά
Εδναν	Εδνα＆Εδνά＆Ἑδνά
ἔδυ	δύν＆δύνω＆δύω
ἐδωρήσατο	δωρέομαι＆δωρέω
Εζεκια	Εζεκια＆Εζεκιας
Εζεκιαν	Εζεκιαν＆Εζεκιας
Εζεκιας	Εζεκιας＆Ἑζεκίας
Εζεκιου	Εζεκιας＆Εζεκίας＆Ἑζεκίας＆Εζεκιου
ἔζωσεν	ζώννυμι＆ζωννύω
ἐζωσμένος	ζώννυμι＆ζωννύω
ἐθαυμαστώθη	θαυμάζω＆θαυμαστόω
ἐθαυμάστωσεν	θαυμαστόω＆θυαμαστόω
ἐθρήνησεν	θρηνέω＆θρηνηέω
ἐθυμία	θυμιάζω＆θυμιάω
ἐθυμίασαν	θυμιάζω＆θυμιάω
ἐθυμίασεν	θυμιάζω＆θυμιάω
ἐθυμίων	θυμιάζω＆θυμιάω
ἐθυμιῶσαν	θυμιάω＆θυμιόω
εἶδαν	εἶδον＆ὁράω
εἶδον	εἶδον＆ὁράω
εἶδόν	εἶδον＆εἶπον＆ὁράω
εἰδόσιν	οἶδα＆ὁράω
εἰδότα	εἶδον＆οἶδα
εἰδότας	εἶδον＆οἶδα＆ὁράω
εἰδότες	εἶδον＆εἰδότες＆οἶδα＆ὁράω
εἰδωλίῳ	εἰδωλεῖον＆εἰδωλῖον
εἰδώλων	εἴδωλον＆ὁ
εἰδὼς	εἰδώ＆οἰδά＆οἴδα＆οἶδα＆ὁράω
εἰκόνα	εἰκων＆εἰκών
εἰκὼν	εἴκω＆εἰκών
εἵλκυσεν	ἑλκύω＆ἕλκω
εἵνεκεν	εἵνεκεν＆ἕνεκα
εἰπάτω	εἰπάτω＆εἶπον
εἰπάτωσαν	εἰπάτωσαν＆εἶπον
εἶπε	εἶπον＆λέγω
εἰπεῖν	εἶπον＆λέγω
εἴπῃ	εἶπον＆λέγω
εἴπῃς	εἶπον＆λέγω
εἰπὸν	εἰπόν＆εἶπον＆λέγω
εἰπόντων	εἶπον＆λέγω
εἴπωμεν	εἶπον＆λέγω
εἴπωσιν	εἶπον＆λέγω
εἰρήνευσεν	εἰρηνεύω＆εἰρήνεύω
Εἰρήνη	εἰρήνη＆Εἰρήνη
εἰσαγάγετε	ἀγω＆ἄγω
εἰσελήλυθεν	ἐρχομαι＆ἔρχομαι
εἰσένεγκε	φέπω＆φέρω
εἶτ'	εἰμί＆εἶτα
εἴτε	εἰμί＆εἴτε
ἐκάθευδεν	εὔδω＆εὕδω＆καθεύδω
ἐκάθητο	ἧμαι＆κάθημαι
ἐκάθισεν	ἵζω＆καθίζω
ἐκβεβλημένην	βάλλω＆βεβηλόω
ἐκδικᾶται	δικάζω＆δικέω
ἐκδικῆσαι	δικάζω＆δικέω
ἐκδικήσει	δικέω＆ἐκδικήσις＆ἐκδίκησις
ἐκδικήσεις	δικέω＆ἐκδικήσις＆ἐκδίκησις
ἐκδικήσεως	ἐκδικήσις＆ἐκδίκησις
ἐκδικήσῃς	δικέω＆ἐκδικέω
ἐκδίκησιν	ἐκδικήσις＆ἐκδίκησις
ἐκδίκησις	ἐκδικήσις＆ἐκδίκησις
ἐκείνῳ	ἐκείνος＆ἐκεῖνος
ἐκέρασεν	κεράννυμι＆κεραννύω
ἐκκαυθήσεται	καίω＆καύω
ἐκκαύσει	καίω＆καύω
ἐκλείψει	ἐκλείπω＆ἔκλειψις＆λείπω
ἐκλελοίπασιν	λείπω＆λοίπω
ἐκλύσεως	ἐκλύσις＆ἔκλυσις
ἐκπετάσω	πετάννυμι＆πεταννύω
ἐκραταίωσας	κραταιόω＆κραταίοω
ἐκραταίωσεν	κραταιόω＆κραταίοω
ἐκρέμασεν	κράννυμι＆κρεμάζω
ἔκρινον	κρίνον＆κρίνω
ἐκτείνας	κτείνω＆τείνω
ἐκτριβῇ	ἐκτριβή＆τρίβω
ἐκχύσεως	ἐκχύσις＆ἔκχυσις
ἐκωθωνίζοντο	κωθωνίζομαι＆κωθωνίζω
ἐλαίαν	ἐλαία＆ἐλαίαν
ἔλαιον	ἔλαιον＆ἔλιον
ἔλαμψαν	ἔλαμψαν＆λάμπω
ἔλαττον	ἐλάττων＆ἐλαχύς
ἐλαττόνων	ἐλάττων＆ἐλαχύς
ἐλαττώσει	ἐλαττόω＆ἐλάττωσις
Ελεαζαρ	Ελεαζαρ＆Ελεαζαρος
Ελεαζαρον	Ελεαζαρος＆Ἐλεάζαρος
ἐλέγχων	ἔλεγχος＆ἐλέγχω
ἐλέφαντας	ἐλέφαντας＆ἐλέφας
ἐλεφαντίνων	ἐλεφαντίνος＆ἐλεφάντινος
ἐλεῶν	ἐλεέω＆ἔλεος
ἐλθάτω	ἐλθάτω＆ἔρχομαι
Ελισαιε	Ἐλεισαῖε＆Ελισαιε
ἕλκει	ἕλκος＆ἕλκω
Ἐλυμαΐδα	Ἐλυμαΐδα＆Ἐλυμαίς
ἐλυτρώσω	λυτρόω＆λύω
ἐμάκρυναν	ἐμάκρυναν＆μακρύνω
ἐμαλακίσθη	μαλακίζομαι＆μαλακίζω
ἐμαυτοῦ	ἐμαυτός＆ἐμαυτοῦ
ἐμβατεύειν	βατεύω＆ἐμβατεύω
ἐμὲ	ἐγώ＆ἔγω
ἐμεγαλύνθη	ἐμεγαλύνθω＆μαγαλύνω＆μεγαλυλύνω＆μεγαλύνω
ἐμεγαλύνθης	μαγαλύνω＆μεγαλύνω
ἐμελέτησαν	μελετάω＆μελετέω
ἐμοιχῶντο	μοιχάομαι＆μοιχάω
ἐμπαίγματα	ἐμπαίγμα＆ἔμπαιγμα
ἐμπειρῶ	πειράω＆πείρω
ἐμπλόκια	ἐμπλοκίον＆ἐμπλόκιον
ἐμπρῆσαι	πίμπρημι＆πίπρημι
ἐμπρήσουσιν	πίμπρημι＆πίπρημι
ἐμφανὲς	ἐμφανής＆ἐμφάνης
ἐναντίον	ἐναντίον＆ἐναντίος
ἐναντιουμένους	ἀντιόω＆ἐναντιόομαι
ἐνδελέχιζε	δελεχίζω＆ἐνδελεχίζω
ἐνδόσθια	ἐνδόσθια＆ἐνδόσθιον
ἔνεδρα	ἔνεδρα＆ἔνεδρον
Ενεμεσσαρου	Ενεμεσσαρος＆Ἐνεμέσσαρος
ἐνεὸν	ἐνεός＆νέος
ἐνεπάγησαν	παγάομαι＆πήγνυμι
ἐνέπρησαν	πίμπρημι＆πίπρημι
ἐνεπύρισαν	ἐμπυρίζω＆πυρίζω
ἐνεπύρισεν	ἐμπυρίζω＆πυρίζω
ἐνετειλάμην	τέλλομαι＆τέλλω
ἐνετείλατο	τέλλομαι＆τέλλω
ἐνετείλατό	τέλλομαι＆τέλλω
ἐνετείλω	τέλλομαι＆τέλλω
ἐνήδρευσαν	ἐνεδρεύω＆ἐνήδρευσαν
ἐνήλατο	ἀλάομαι＆ἅλλομαι
ἔννοιαν	ἐννοία＆ἔννοια
ἐννοίας	ἐννοία＆ἔννοιας
ἐνοπλισάμενοι	ὀπλίζω＆ὁπλίζω
ἐντείλασθαι	τέλλομαι＆τέλλω
ἐντείλωμαι	τέλλομαι＆τέλλω
ἐντελεῖται	τελέω＆τέλλω
ἐντελῇ	τελέω＆τελλόμαι
ἐντέλλομαι	τέλλομαι＆τέλλω
ἐντελοῦμαι	τελέω＆τέλλομαι＆τέλλω
ἐντρυφήσει	ἐντρυφάω＆τρυφάω
ἐνυπνιαζόμενος	ἐνυπνιάζομαι＆ὑπνιάζω
ἐνυπνιασάμην	ἐνυπνιάζω＆ὑπνιάζω
ἐνώπιον	ἐενώπιον＆ἐνώπιον＆ἐνώπιος＆ἐνώριον
ἐνώπιόν	ἐνώπιον＆ἐνώπιόν＆ἐνώπιος
ἐνώτισαι	ἐνωτίζομαι＆ὠτίζομαι
ἐνωτίσασθε	ἐνωτίζομαι＆ὠτίζομαι＆ὠτόζομαι
ἐξάδελφός	ἐξάδελφος＆ἐξάδελφός
ἐξαίσια	ἐξαίσιος＆ἐξαίσος
ἐξανθήσει	ἀνθέω＆ἵημι
ἐξεγέρθητι	ἀγείρω＆ἐγείρω
ἐξεδίκησαν	δικάω＆δικέω
ἕξει	ἕξις＆ἔχω
ἐξέκαυσα	καίω＆καύω
ἐξέκαυσαν	καίω＆καύω
ἐξεκκλησίασεν	ἐκκλησιάζω＆κλησιάζω
ἐξεκκλησιάσθη	ἐκκλησιάζω＆κλησιάζω
ἐξέλθατε	ἔρεχομαι＆ἔρχομαι＆έρχομαι
ἐξεπέτασα	πετάζω＆πετάνννυμι
ἐξεπέτασεν	πετάζω＆πετάννυμι＆πεταννύω
ἐξεπίκρανάν	κραίνω＆πικραίνω
ἐξερρίζωσεν	ῥιζόω＆ῥίζω
ἐξετάσει	ἐξετάζω＆ἐτάζω
ἐξῆραν	αἴρω＆ξηρός
ἐξῆρας	αἴρω＆ξηρός
ἐξιχνιάσαι	ἐξιχνιάζω＆ἰχνιάζω
ἐξιχνίασας	ἐξιχνιάζω＆ἐξιχνίαζω
ἐξιχνίασεν	ἰχνεύω＆ἰχνιάζω
ἐξομολογήσει	ἐξομολόγησις＆ὁμολογέω
ἐξομολογήσεσιν	ἐξομολογήσις＆ἐξομολόγησις
ἐξομολόγησιν	ἐξομολογήσις＆ἐξομολόγησις
ἐξομολογήσομαί	ὁμλογέω＆ὁμολογέω
ἐξουδένουν	οὐδενέω＆οὐδενόω
ἐξουδένωκα	ουδενόω＆οὐδενόω
ἐξουδενωμένη	ἐξουδενόω＆οὐδενόω
ἐξουδενωμένον	οὐδενόω＆οὐθενόω
ἐξουδενώσει	ἐξουδένωσις＆οὐδενόω
ἐξουδένωσεν	ἐξουδενόω＆οὐδενόω
ἐξουθενήσουσιν	οὐδενέω＆οὐθενόω
ἐξουθενῶν	ἐξουδενόω＆οὐδενέω＆οὑθενέω
ἐξώσθησαν	ὄζω＆ὠθέω
ἔπαισας	παίζω＆παίω
ἔπαισεν	παίζω＆παίω
ἐπάλξεις	ἐπάλξις＆ἔπαλξις
ἐπανιστανομένους	ἱστάνω＆ἵστημι
ἐπανιστανομένων	ἱστάνω＆ἵστημι
ἐπάνω	ἄνω＆ἀπάνω＆ἐπάνω＆ὠπάνω
ἐπάνωθεν	ἐπάνωθε＆ἐπάνωθεν
ἐπαρυστρίδας	ἐπαρυστρίδας＆ἐπαρυστρίς
ἐπαύλεσιν	ἐπαύλις＆ἔπαυλις
ἐπαύριον	ἀπαύριον＆αὔριον＆ἐπαύριον
ἐπέθεντο	τιθήμι＆τίθημι
ἐπένθει	πενθέω＆πένθος
ἐπεπόθησεν	πείθω＆ποθέω
ἐπεσκέπησαν	ἐπισκέπτω＆σκέπτομαι＆σκέπτω
ἐπέσκεπται	σκέπτομαι＆σκέπτω
ἐπεσκέψαντο	ἐπισκέπτω＆σκέπτομαι
ἐπεσκέψατο	ἐπισκέπτω＆σκέπτομαι
ἐπετήδευσεν	ἐπιτηδεύω＆τηδεύω
ἐπηρμένοι	αἴρω＆αἵρω
ἐπιβούλων	ἐπιβουλή＆ἐπίβουλος
ἐπίγνωθι	γιγνώσκω＆γινώσκω
ἔπιδε	εἶδον＆ἐπί＆ὁράω
ἐπιεικείᾳ	ἐπιεικεία＆ἐπιείκεια
ἐπιεικέως	ἐπιεικέως＆ἐπιεικῶς
ἐπίθες	πείθω＆τίθημι
ἐπιθυμητὰ	ἐπιθυμητά＆ἐπιθυμητός
ἐπιθυμητήν	ἐπιθυμητή＆ἐπιθυμητής
ἐπιθυμητοὺς	ἐπιθυμητής＆ἐπιθυμητός
ἐπιθῶνται	θέω＆τίθημι
ἐπικρατείας	ἐπικρατεία＆ἐπικράτεια
ἐπιλησθήσεται	λανθάνομαι＆λανθάνω
ἐπιόντα	εἶμι＆πίνω
ἐπίσκεψαι	ἐπισκέπτω＆σκέπτομαι
ἐπισκέψασθε	ἐπισκέπτω＆σκέπτομαι＆σκέπτω
ἐπισκέψεται	ἐπισκέπτω＆σκέπτομαι
ἐπισκέψῃ	ἐπισκέπτω＆σκέπτομαι
ἐπισκέψομαι	σκέπτομαι＆σκέπτω
ἐπίσταμαι	ἐπίσταμαι＆ἵστημι
ἐπιστάμενοι	ἐπίσταμαι＆ἵστημι
ἐπιστάμενος	ἐπίσταμαι＆ἵστημι
ἐπίστασθε	ἐπίσταμαι＆ἵστημι
ἐπίσταται	ἐπίσταμαι＆ἐπιστάτης＆ἵσταμαι
ἐπίστῃ	ἐπίσταμαι＆ἵστημι
ἐπισυνηγμένα	ἄγω＆άγω
ἐπιταγῇ	ἐπιταγή＆τάσσω
ἐπιφάναι	φαίνω＆φημί
ἐπιφανείας	ἐπιφανεία＆ἐπιφάνεια
ἐπλήγη	πληγή＆πλήσσω
ἐπονηρεύσαντο	πονηρεύομαι＆πονηρεύω
ἔποπα	ἔποψ＆ἔροψ
ἑπτάκι	ἑπτάκι＆ἑπτάκις
ἐργαζομένους	ἐργάζομαι＆ἐργάζω
ἐργῶνται	ἐργάζο＆ἐργάζομαι
ἐρεθισμῷ	ἐρέθισμα＆ἐρεθισμός
ἔρημα	ἔρημα＆ἔρημος
ἔρημοι	ἐρῆμος＆ἔρημος
ἐρήμοις	ἐρῆμος＆ἔρημος
ἔρημον	ἐρῆμος＆ἔρημος
ἔρημος	ἐρῆμος＆ἔρημος
ἐρήμου	ἐρῆμος＆ἔρημος
ἐρήμους	ἐρῆμος＆ἔρημος
ἐρήμῳ	ἐρῆμος＆ἔρημος
ἐρημώσεως	ἐρημώσις＆ἐρήμωσις
ἐρίθου	ἐρίθος＆ἔριθος
ἐρρέθη	εἶπον＆εἴρω＆ῥέω
ἐρριμμένον	ῥίπτω＆ῥίτωω
ἐρρύσθη	ἐρύω＆ῥύομαι
Εσδρα	Εσδρα＆Εσδρας＆Ἔσδρας
Εσδραν	Εσδραν＆Εσδρας
Εσδρας	Εσδρας＆Ἔσδρας
ἐσκίρτησαν	σκιρτάω＆σκιρτέω
ἐσκότασεν	σκοτάζω＆σκοτίζω
ἐσκύλευσεν	σκυλεύω＆σκύλευω
ἐσμικρύνθημεν	μικρύνω＆σμικρύνω
ἔσπειραν	σπεῖρα＆σπείρω
ἐστερεώθη	στερεόω＆στρερέω
ἔστωσαν	εἰμέ＆εἰμί
ἔσχατά	ἔσχατο＆ἔσχατος
ἔσχατοι	ἔσχατο＆ἔσχατος
ἔσχατον	ἔσχατο＆ἔσχατον＆ἔσχατος
ἔσχατος	ἔσχατο＆ἔσχατος
ἐσχάτου	ἔσχατο＆ἔσχατος
ἐσχάτῳ	ἔσχατο＆ἔσχατος
ἐσχάτων	ἔσχατο＆ἔσχατος
ἐσώτερον	ἔσω＆ἐσώτερον
ἔτι	ἔτι＆ἔτί
Ευαν	Ευα＆Ευαν
εὐλογημένος	εὐλογέω＆εὐλογημένος
εὐπρεπείας	εὐπρεπεία＆εὐπρέπεια
εὐσεβεῖ	εὐσεβέω＆εὐσεβής
ἐφ'	ἐπι＆ἐπί
ἐφήλατο	ἁλλομαι＆ἅλλομαι
ἐφημερίας	ἐφημερία＆ἐφημερίας
ἐφορᾷ	ὁράω＆φορά
Εφραιμ	Εφράιμ＆Ἐφράιμ
ἔφριξαν	φρίσσω＆φρίττω
ἔχεις	ἔχις＆ἔχω
ἐχθές	ἐχθές＆χθές
ἐχθὲς	ἐχθές＆ἐχθὲς＆χθές
ἔχθρα	ἔχθρα＆ἐχθρός
ἔχθραν	ἔχθρα＆ἐχθρός＆ἔχρα
ἔχθρας	ἔχθρα＆ἐχθρός
ἐψεύσαντο	ψεύδομαι＆ψεύδω
ἐψεύσαντό	ψεύδομαι＆ψεύδω
ἐψεύσατο	ψεύδομαι＆ψεύδω
Ζαχαρια	Ζαχαρια＆Ζαχαριας
Ζαχαριαν	Ζαχαριας＆Ζαχαρίας
Ζαχαριου	Ζαχαριας＆Ζαχαρίας＆Ζαχαριου
ζήλει	ζήλος＆ζηλόω
ζήλου	ζῆλος＆ζηλόω
ζηλῶν	ζηλόω＆ζνλόω
ζηλώσεως	ζηλώσις＆ζήλωσις
ζητήσει	ζητέω＆ζήτησις
ζήτω	ζάω＆ζητέω
ζυγοῖς	ζυγόν＆ζυγός
ζυγὸν	ζυγόν＆ζυγός
ζυγοῦ	ζυγόν＆ζυγός
ζύμη	ζυμή＆ζύμη
ζυμωθῆναι	ζύμομαι＆ζυμοῦσθαι
ζωγρείαν	ζωγρεία＆ζωγρίας
ζῶσαι	ζάω＆ζώννυμι
ζώσῃ	ζάω＆ζώνυμμι
ζῶσιν	ζάω＆ζώσις
ἦ	εἰμί＆ἤ＆ἦ
ἡ	ἡ＆ὁ
ἣ	ἥ＆ὅς
ἠβούλετο	ἀβουλέω＆βούλομαι
ἤγγικεν	ἄγω＆ἐγγίζω
ᾔδει	εἶδος＆οἶδα
ἠδυνήθη	ἀδυνάω＆δύναμαι
ἤθελον	ἐθέλω＆θέλω
ἠθύμησεν	ἀθυμέω＆ἀθύμέω＆θυμόω
ἤκουσα	ἀκούω＆ἥκω
ἥκω	ἥκω＆ἵημι
Ηλια	Ηλια＆Ηλιας
Ηλιου	Ηλιας＆Ηλιος＆Ηλιου
ἤμην	εἰμί＆ἐμός
ἠμύνατο	ἀμύνω＆ἀμύω
ἠνυπνιάσθην	ἐνυπνιάζομαι＆ἐνυπνιάζω
ἠπιστάμην	ἐπίσταμαι＆ἵστημι
ἦραν	αἴρω＆ἀρά
ἠρεμάζων	ἠρεμάζω＆ἠρεμάζων
ᾑρέτικεν	αἰρετίζω＆αἱρετίζω
ἤρχετο	ἄρχω＆ἔρχομαι
ἠρώτων	ἔρως＆ἐρωτάω
Ησαιαν	Ησαιαν＆Ησαιας
Ησαιας	Ησαιας＆Ἠσαίας
Ησαιου	Ησαιας＆Ἠσαίας
ἤχησεν	ἠχέω＆ἤχέω
ἤχθη	ἄγω＆ἄχθος＆ἔχω
ᾐχμαλωτεύθη	αἰχμαλωτεύω＆αἰχμαλωτίζω
ἦχον	ἔχω＆ἦχος
ἤχου	ἤχος＆ἦχος
ἠχρεώθησαν	ἀχρειόω＆ἀχρεόω
Θαιμανων	Θαιμαν＆Θαιμάν＆Θαιμανων
θάρρει	θαρρέω＆θαρσέω
θάρσει	θαρρέω＆θαρσέω＆θάρσος
θαρσεῖτε	θαρρέω＆θαρσέω
θαυμαστὰ	θαυμά＆θαυμαστός
θεϊμ	θείμ＆θεϊμ
θείῳ	θεῖον＆θεῖος
Θεκεμινας	Θεκεμινα＆Θεκεμινας
θέλῃ	ἐθέλω＆θέλω
θέλῃς	ἐθέλω＆θέλω
θελήσει	θέλης＆θελήσις＆θέλησις＆θέλω
θελόντων	ἐθέλω＆θέλω
θέλων	ἐθέλω＆θέλω
θεμέλια	θεμέλιον＆θεμέλιος
θεμέλιοι	θεμέλιος＆θεμελιόω
θεμέλιον	θεμέλιον＆θεμέλιος
θεμελίων	θεμελίον＆θεμέλιον
θεμελιώσει	θεμελιόω＆θεμελίωσις
θεραπαίνης	θεραπαίνα＆θεράπαινα
θεραφιν	θεραφιν＆θεραφις
θηλάσει	θηλάζω＆θηλάω
θιμωνιὰ	θημονία＆θημωνία＆θιμωνιά
Θισβης	Θισβη＆Θίσβη
θλίψει	θλίβω＆θλῖψις
θλίψεις	θλίβω＆θλῖψις
θορύβου	θορύβος＆θόρυβος
θράσει	θράσος＆θρασύς
θραύσει	θραῦσις＆θραύω
θρήνησον	θρηνέω＆θρήνέω
θύγατερ	θυγάτηρ＆θύγατηρ
θυγατέρας	θυγατήρ＆θυγάτηρ
θυγατράσιν	θυγατήρ＆θυγάτηρ＆θυγατράσιν
θυμιᾶν	θυμιάζω＆θυμιάω
θυμιῶντας	θυμιάζω＆θυμιάω
θυμιῶντες	θυμιάζω＆θυμιάω
θυρεοὶ	θυρεός＆θυρέος
θυρωρῶν	θυρωρός＆θύρωρος
Ιαϊρου	Ιαϊρος＆Ιαϊρου
Ιακωβ	Ιακωβ＆Ἰακώβ
ἶβιν	ἴβης＆ἶβις
ἰδοὺ	ἰδού＆ὁράω
Ιδουμαῖοι	Ιδουμαία＆Ιδουμαίος＆Ιδουμαῖος
Ιδουμαίων	Ιδουμαία＆Ιδουμαίος＆Ιδουμαῖος
Ιεδιου	Ιεδιας＆Ιεδιου
Ιεζονιας	Ιεζονιας＆Ιεζονίας
Ιεζραηλίτου	Ιεζραηλίτης＆Ιεζραηλῖτις
ἱερά	ἱερόν＆ἱερός
ἱερὸν	ἱερόν＆ἱερός
Ιεροσόλυμα	Ιεροσόλυμα＆Ἰεροσόλυμα＆Ἰερουσαλήμ＆Ιερουσολημ
Ιεροσολύμοις	Ιεροσόλυμα＆Ιεροσολύμος＆Ἰερουσαλήμ＆Ἰερουσολημ
Ιεροσολύμων	Ιεροσόλυμα＆Ἰεροσόλυμα＆Ιεροσολύμος＆Ἰερουσαλήμ
ἱεροῦ	ἱερόν＆ἱερός
Ιεσσιου	Ιεσσιας＆Ιεσσιου
Ιεχονιας	Ιεχονιας＆Ἰεχονίας
Ιεχονιου	Ιεχονιας＆Ιεχονίας
Ιησου	Ιησου＆Ιησους
ἱκετῶν	ἱκετής＆ἱκέτης
ἵλεώς	ἕλεος＆ἵλεως＆ἵλεώς
ἵνα	ἵνα＆ὕνα
Ιοππης	Ιοππη＆Ἴοππης
Ιόππης	Ιόππη＆Ιόππης
Ιορδάνην	Ἰορδάνην＆Ἰορδάνης
Ιορδάνης	Ιορδάνης＆Ἰορδάνης
Ιορδάνου	Ιορδάνης＆Ἰορδάνης
Ιου	Ιηου＆Ιου
Ιουδα	Ιουδα＆Ἰουδά＆Ἰούδας
Ιουδαῖοι	Ἰουδαῖοι＆Ἰουδαῖος
ἴσθι	εἰμί＆οἶδα
Ισμαηλῖται	Ισμαηλίτης＆Ισμαηλῖτης
ἱστῶν	ἵστημι＆ἱστός
ἰσχύων	ἰσχύς＆ἰσχύω
ἰχθύας	ἰχθύς＆ἰχθῦς
ἴχνη	ἴσνος＆ἴχνος
Ιωαναν	Ιωαναν＆Ἰωανάν
Ιωαννην	Ιωαννην＆Ιωαννης
Ιωνα	Ιωνα＆Ιωνας
Ιωναθαν	Ιωναθα＆Ιωναθαν
Ιωναθου	Ιωναθαν＆Ιωναθας
Ιωναν	Ιωναν＆Ιωνας
Ιωνας	Ιωνας＆Ἰωνᾶς
Ιωσια	Ιωσια＆Ιωσιας＆Ιωσίας
Ιωσιαν	Ιωσιας＆Ιωσίας
Ιωσιας	Ιωσιας＆Ιωσίας
Ιωσιου	Ιωσείας＆Ἰωσείας＆Ιωσιας＆Ιωσίας
καθὰ	καθά＆καθός＆ὅς
καθαιρεῖν	αἱρέω＆αἴρω
καθήσεσθε	ἧμαι＆ἵημι
καθήσεται	ἧμαι＆ἵημι
καθήσῃ	ἧμαι＆ἵημι
καθήσομαι	ἧμαι＆ἵημι＆ἷμαι
καθήσονταί	ἧμαι＆ἵημι
καθίεται	ἵζω＆ἵημι
καθίσατε	ἧμαι＆ἵζω
κάθισον	ἵζω＆καθίζω
καθὼς	καθώς＆ὡς
κἀκεῖ	καί｜ἐκεῖ＆κἀκεῖ
κακώσει	κακόω＆κάκωσις
καλῶν	καλέω＆καλός
Κάρμηλον	Κάρμηλον＆Κάρμηλος
Καρμήλου	Καρμήλος＆Κάρμηλος
Καρμήλῳ	Καρμήλος＆Κάρμηλος
κάρπωσιν	κάρπωμα＆κάρπωσις
καταβάσεως	καταβάσις＆κατάβασις
κατακαύσει	καίω＆καύω
κατάλειμμα	καταλείμμα＆κατάλειμμα
καταλύσει	κατάλυσις＆λύω
κατανύξεως	κατανύξις＆κατάνυξις
καταπατήσει	ἀπατάω＆ἀπατέω＆πατέω
καταπαύσει	κατάπαυσις＆καταπαύω＆παύω
καταράσῃ	ἀράομαι＆ῥάομαι
καταρᾶται	αράομαι＆ἀράομαι＆καταράω
καταρώμενος	ἀράομαι＆καταράομαι
καταρωμένου	καταράομαι＆ῥάομαι＆ῥάω
κατασκηνῶσαι	σκηνάω＆σκηνόω
κατασκηνώσουσιν	σκανόω＆σκηνόω
κατασκοπεῦσαι	σκοπεύω＆σκοπέω
κατέκαυσεν	καίω＆καύω
κατεναντίον	κατεναντιόν＆κατεναντίον＆κατεναντίος
κατεσθίει	ἐσθίω＆ἔσθιω
κατεσθίοντες	εσθίω＆ἐσθίω
κατευθύνει	εὐθύνω＆εὑθύνω
κατήλεσεν	αλέω＆ἀλέω
κατήργησαν	ἀργέω＆ἐργέω
κατισχύσει	ισχύω＆ἰσχύω
κατισχύσουσιν	ἰσχύω＆ἱσχύω
κατοικηθήσεται	οικέω＆οἰκέω
κατοικήσει	κατοίκησις＆οικέω＆οἰκέω＆οἱκέω
κατοικήσετε	κατοικέω＆οἰκέω
κατοικήσῃ	οικέω＆οἰκέω
κατοικήσουσιν	οικέω＆οἰκέω＆οἱκέω
κατοικήσω	κατοικέω＆οἰκέω
κάτοικοι	κατοίκος＆κάτοικος
κατοικῶν	κατοίκος＆οἰκέω＆οἱκέω
κατόπισθέν	κατόπισθε＆κατόπισθεν
κατορθῶσαι	ορθόω＆ὀρθόω
κατῴκηκα	οικέω＆οἰκέω
κατώτατα	κατώτατος＆κατώτερος
καύσων	καίω＆καύσων
κινήσει	κινέω＆κίνησις
Κιτιαίων	Κιτιαίοι＆Κιτιαῖοι
Κίτιοι	Κίτιοι＆Κίτιος
κλίμακας	κλίμαξ＆κλῖμαξ
κλῖναι	κλίνη＆κλίνω
κλίνῃ	κλίνη＆κλίνω
κοπρία	κοπρία＆κόπριον
κόπων	κοπή＆κόπος
κραταιοῦ	κραταιός＆κραταιόω
κρατῶν	κρατέω＆κράτος
κρίνων	κρίνον＆κρίνω
κρύσταλλος	κρυστάλλος＆κρύσταλλος
κρυστάλλου	κρυστάλλος＆κρύσταλλος
κυκλῶν	κύκλος＆κυκλόω
κυκλώσει	κυκλόω＆κύκλωσις
κυμβάλοις	κυμβάλον＆κύμβαλον
Λαισα	Λαις＆Λαισα
λατόμων	λατομέω＆λατόμος
λειτουργῶν	λειτουργέω＆λειτουργός
Λευι	Λευι＆Λευί
Λευῖται	Λευείτης＆Λευίτης
Λευίταις	Λευείτης＆Λευίτης
Λευίτας	Λευείτης＆Λευίτης
Λευίτης	Λευείτης＆Λευίτης
Λευίτου	Λευείτης＆Λευίτης
Λευιτῶν	Λευείτης＆Λευίτης
Λιβάνου	Λιβάνος＆Λίβανος
Λιβάνῳ	Λιβάνος＆Λίβανος
Λίβυες	Λίβευς＆Λίβυες
Μαασαιου	Μαασαιας＆Μαασαις
Μαγδώλου	Μαγδώλος＆Μάγδωλος＆Μαγδώλου
μακράν	μακράν＆μακρός
μακρὰν	μακράν＆μακρός
μακρότερον	μακρός＆μακρότερον
Μανασση	Μανασσή＆Μανασσής＆Μανασσῆς
Μανασσης	Μανασσή＆Μανασσής＆Μανασσῆς
Μαρισαν	Μαρισα＆Μαρισαν
Μαρισης	Μαρισα＆Μαρισης
μαρτύρια	μαρτυρία＆μαρτύριον
μαρυκᾶται	μαρυκάομαι＆μηρυκάομαι
Ματταθια	Ματταθια＆Ματταθιας
μέλει	μέλος＆μέλω
Μελχισεδεκ	Μελχισεδεκ＆Μελχισεκεκ
μετεμελήθη	μελέομαι＆μελέω
μέχρις	μέχρι＆μέχρις
Μηδίᾳ	Μηδεία＆Μηδία
Μηδίαν	Μηδεία＆Μηδία＆Μηδίαν
Μηδίας	Μηδεία＆Μηδία＆Μηδίας
Μήδων	Μήδης＆Μηδία＆Μήδοι＆Μῆδοι＆Μῆδος＆Μήδων
Μιναίων	Μιναῖοι＆Μιναῖος
Μιχαια	Μιχαια＆Μιχαιας
μοι	＆ἐγώ
μόλιβος	μολιβός＆μόλιβος
μολίβου	μολιβός＆μόλιβος
μόνον	μόνον＆μόνος
Μουχαιος	Μουχαιος＆Μουχαῖος
Μωαβῖται	Μωαβίτης＆Μωαβῖτης
Μωαβίτιδας	Μωαβίτις＆Μωαβῖτις
Μωαβίτιδος	Μωαβίτις＆Μωαβῖτις
Μωαβιτῶν	Μωαβείτης＆Μωαβίτης＆Μωαβίτις＆Μωάβιτος
Μωσα	Μωσα＆Μωσά
Μωυσῆ	Μωυσῆ＆Μωυσῆς
Ναβουζαρδαν	Ναβουζαρδαν＆Ναβουζαρδας
Ναβουχοδονοσορ	Ναβουχοδονοσορ＆Ναβουχοδονοσόρ
Ναθανιου	Ναθανιας＆Ναθανιου
Νεεμιου	Νεεμείας＆Νεεμιας
Νηριου	Νηριας＆Νηριος＆Νηριου
νομῶν	νομή＆νομός
νουμηνίαις	νεομηνία＆νουμηνία
νουμηνίας	νεομηνία＆νουμηνία
νουμηνιῶν	νεομηνία＆νουμηνία
νῶτοι	νῶτον＆νῶτος
νῶτος	νῶτον＆νῶτος
ξένια	ξενία＆ξένιον
ὀγδοήκοντα	ὀγδοηκοντα＆ὀγδοήκοντα
ὀδυνηθήσεται	ὀδυναω＆ὀδυνάω
Οζια	Οζια＆Οζιας
Οζιου	Ὀζείας＆Οζιας＆Οζίας＆Οζιου
οἰκήσεις	οἰκέω＆οἴκησις
οἶκοι	οἴκος＆οἶκος
οἰκτίρμων	οἰκτιρμός＆οἰκτίρμων
οἰκῶν	οἰκέω＆οἶκος
οιφι	οιφι＆οἰφί
ὀλεθρίας	ὀλεθρία＆ὀλέθριος
ὁμοῦ	ὁμός＆ὁμοῦ
Ονιαν	Ονειας＆Ονιας
Ονιου	Ὀνείας＆Ονιας
ὄπισθεν	ὄπισθε＆ὄπισθεν＆ὄπισθέν
ὄπισθέν	ὄπισθε＆ὄπισθεν
ὅρια	ὅριον＆ὅριος
ὀρνέων	ὄρνεον＆ὄρνις
ὁρῶν	ὁράω＆ὅρος
οὗ	ὅς＆οὗ
Ουρια	Ουρια＆Ουριας＆Ὀυρίας
Ουριαν	Ουριας＆Οὐρίας
Ουριου	Ουρια＆Ουριας
Οχοζια	Οχοζια＆Οχοζιας
Οχοζιαν	Οχοζιαν＆Οχοζιας
ὄψει	ὁράω＆ὄψις
παιδία	παιδιά＆παιδίον
παιδισκῶν	παιδίσκη＆παιδίσκος
παλαιῶν	παλαιός＆παλαιόω
πανουργίαν	πανουργιά＆πανουργία
πάντα	πάς＆πᾶς
παραβολαὶ	παραβολη＆παραβολή
παραβολήν	παραβολη＆παραβολή
παρακαταθήκας	παρακαταθήκη＆τίθημι
παρακλήσεως	παρακλήσις＆παράκλησις
παραλίαν	παραλίαν＆παράλιος
παραλίας	παραλία＆παράλιος
παρειστήκει	ἵστημι＆τήκω
παροικήσει	οἰκέω＆παροίκησις
πάροικος	παροίκος＆πάροικος
παροικῶν	οἰκέω＆πάροικος
πατριᾶς	πατριά＆πάτριος
πατριῶν	πατριά＆πάτριος
πεινάσουσιν	πεινάζω＆πεινάω
πεινῶν	πεινάω＆πείνη
πεῖραν	πεῖρα＆πειράω
πενθῶν	πενθέω＆πένθος
πεντεκαιδεκάτῳ	πεντεκαιδέκατο＆πεντεκαιδέκατος
πεντηκόνταρχον	πεντηκοντάρχος＆πεντηκόνταρχος
πεντηκοντάρχους	πεντηκοντάρχος＆πεντηκόνταρχος
πέπρακεν	πιπράσκω＆πράσσω
περιέλῃ	αἱρέω＆ἔρχομαι
περιζώσονται	ζώννυμι＆ζωννύω
περικεφαλαῖαι	περικεφαλαία＆περικεφαλαῖα
περιοχῇ	ὀχέω＆περιοχή
περισσὸν	περισσόν＆περισσός
περιχαρεῖς	περιχαρής＆χαίρω
Πέρσας	Πέρσης＆Πέρσις
Περσῶν	Περσής＆Πέρσης
πετεινά	πετεινόν＆πετεινός
πετεινὰ	πετεινόν＆πετεινός
πετεινοῖς	πετεινόν＆πετεινός
πετεινὸν	πετεινόν＆πετεινός
πηχῶν	πηχύς＆πῆχυς
πίοσιν	πίνω＆πίων
πιστὸς	πιστός＆πιστὸς
πλανήσει	πλανάω＆πλάνησις
πλανήσεως	πλανήσις＆πλάνησις
πλατεῖα	πλατεῖα＆πλατύς
πλατεῖαι	πλατεῖα＆πλατύς
πλατείας	πλατεῖα＆πλατύς
πλευρὰ	πλευρά＆πλευρόν
πλημμελήσῃ	πλημμελέω＆πλημμηλέω
πληρώσει	πληρόω＆πλήρωσις
ποιήσει	ποιέω＆ποίησις
ποιῶν	ποιέω＆ποῖος
πολεμῶν	πολεμέω＆πόλεμος
πονηρευόμενος	πονηρεύομαι＆πονηρεύω
πονηρευομένων	πονηρεύομαι＆πονηρεύω
πορφυροῦν	πορφύρεος＆πορφυροῦς
πότον	ποτόν＆πότος
πότου	ποτόν＆πότος
που	που＆ποῦ
πράξεις	πρᾶξις＆πράσσω
πραῢς	πραΰς＆πρᾳΰς
πρέσβεις	πρέσβις＆πρέσβυς
πρὸ	πρό＆πρός
προνοίας	προνοία＆πρόνοια
προσθῇ	θέω＆τίθημι
προσθῇς	θέω＆τίθημι
προσθῶσιν	θέω＆τίθημι
προσκυνήσει	κυνέω＆προσκύνησις
προτέρα	πρότερος＆πρῶτος
πρότερον	πρότερον＆πρότερος
πρωί	πρωί＆πρωΐ
πρωὶ	πρωί＆πρωΐ
πρωίας	πρωί｜α＆πρώι｜ος＆πρωία＆πρώιος
πρωίθεν	πρωίθεν＆πρωΐθεν
πρῶτον	πρῶτον＆πρῶτος
πρωτοτόκια	πρωτοτόκια＆πρωτοτόκιον
πτέρναις	πτέρνα＆πτέρνη
πτέρνης	πτέρνα＆πτέρνη
Πτολεμαίδα	Πτολεμαίς＆Πτολεμαῖς
Πτολεμαίῳ	Πτολεμαίος＆Πτολεμαῖος
πυκνότερον	πυκνός＆πυκνότερον
πυρὰς	πῦρ＆πυρά
πυρός	πύρ＆πῦρ＆πυρός
πυρὸς	πύρ＆πῦρ＆πυρός
πυρῶν	πῦρ＆πυρά＆πυρός
πως	πως＆πῶς
ῥαγήσεται	ῥήγνυμι＆ῥηγνύναι
Ραγουηλ	Ραγουηλ＆Ῥαγουήλ
Ραγουήλου	Ραγουήλ＆Ραγουῆλος
Ραμεσση	Ραμεσση＆Ραμεσσή
Ραφαηλ	Ραφαηλ＆Ῥαφαήλ
Ραψακην	Ραψακης＆Ῥαψάκης
ῥήγματα	ῥήγμα＆ῥῆγμα
ῥῆξον	ῥήγνυμι＆ῥηγνύναι
ῥήσεις	ῥέω＆ῥῆσις
ῥῖνας	ῥις＆ῥίς
ῥιφήσονται	ῥιπτω＆ῥίπτω
Ῥόδιοι	Ῥόδιοι＆Ῥόδιος
ῥύεται	ῥύομαι＆ῥύω
ῥυήσεται	ῥέω＆ῥυέω＆ῥυόμαι
Ῥωμαίους	Ῥωμαῖοι＆Ῥωμαῖος
Ῥωμαίων	Ῥωμαῖοι＆Ῥωμαῖος
σαββάτου	σαββάτον＆σάββατον
σαββάτων	σαββάτον＆σάββατον
Σαλουμ	Σαλουμ＆Σαλούμ
σάλπιγγι	σαλπιγξ＆σάλπιγξ
Σαμαια	Σαμαια＆Σαμαιας
Σαμαιαν	Σαμαιας＆Σαμαίας
Σαμάρεια	Σαμαρεία＆Σαμαρία
Σαμάρειαν	Σαμαρεία＆Σαμαρία
Σαμαρείας	Σαμαρεία＆Σαμαρία
Σαμουηλ	Σαμουηλ＆Σαμουήλ
Σαουλ	Σαουλ＆Σαούλ
Σαραια	Σαραια＆Σαραιας
Σαραιου	Σαραιά＆Σαραιας＆Σαραίας
Σαρουιας	Σαρουια＆Σαρουιας
Σαρρα	Σαρρα＆Σάρρα
Σαρραν	Σαρρα＆Σαρραν
Σαρρας	Σαρρα＆Σαρρας
σέβεσθε	σέβομαι＆σέβω
σέβομαι	σέβομαι＆σέβω
σεβόμενοι	σέβομαι＆σέβω
σεβομένοις	σέβομαι＆σέβω
Σεδεκια	Σεδεκια＆Σεδεκιας
Σεδεκιαν	Σεδεκιας＆Σεδεκίας
Σεδεκιου	Σεδεκιας＆Σεδεκιου
Σελεμιου	Σελεμιας＆Σελεμιος＆Σελεμιου
Σελεύκου	Σελεύκος＆Σέλευκος
σημεῖα	σημεῖα＆σημεῖον
σημείων	σημεῖον＆σήμειον
σὴς	σής＆σός
σιαγόνας	σιαγών＆σιαγῶν
σιδηρᾷ	σιδηρεία＆σιδήρεος
σιδηροῦς	σίδηρος＆σιδηροῦς
Σιδῶνα	Σιδών＆Σιδῶν
Σιδῶνος	Σιδών＆Σιδῶν
σικερα	σικερα＆σίκερα
Σικιμα	Σικιμ＆Σικιμα
Σικιμοις	Σικιμα＆Σίκιμα＆Σικιμος
Σικιμων	Σικιμα＆Σικιμος
Σιμων	Σιμων＆Σίμων
Σιων	Σιων＆Σιών
σκέπη	σκέπη＆σκέπης
σκέπῃ	σκέπη＆σκέπης
σκέπην	σκέπη＆σκέπης
σκεύη	σκευή＆σκεῦος
σκηνῆς	σκηνή＆σκηνῆς
σκληρότερον	σκληρός＆σκληρῶς
Σκυθῶν	Σκύθαι＆Σκύθης
Σοδομων	Σοδομα＆Σόδομα＆Σοδομων
σοῖς	σός＆σύ
Σομναν	Σομναν＆Σομνας
Σούσοις	Σουσά＆Σοῦσα
Σοφονιαν	Σοφονιας＆Σοφονίας
σπόριμον	σπόριμον＆σπόριμος
στάθμιον	σταθμίον＆στάθμιον
σταθμίων	σταθμίον＆στάθμιον
στενάξει	στενάζω＆στενάχω
στερεῶν	στερεός＆στερεόω
στίλβοντος	στίλβω＆στίλβων
στρατιᾷ	στρατιά＆στρατία
στρατιᾶς	στρατιά＆στρατία
στρογγύλον	στρογγύλον＆στρογγύλος
στρουθία	στρουθίον＆στρουθίος
στρωμνῆς	στρωμνη＆στρωμνή
στρώσουσιν	στρώννυμι＆στρωννύω
συγκαύσει	καίω＆καυσόω
συκοφαντῶν	συκοφαντέω＆συκοφάντης
συμβίωσιν	βιόω＆συμβίωσις
συμβολοκοπῶν	βολοκοπέω＆συμβολοκοπέω
συμμαχῆσαι	μαχέω＆συμμαχέω
συμμάχοις	συμμάχος＆σύμμαχος
συμμάχους	συμμάχος＆σύμμαχος
σύμμικτός	συμμικτός＆σύμμικτός
συμμίκτων	συμμικτός＆σύμμικτος
συμπλήρωσιν	πληρόω＆συμπλήρωσις
συναγωγῆς	συναγωγή＆σύναγωγή
συναντήσεται	αντάω＆ἀντάω
συναντῶν	ἀντάω＆εἰμί
συναπολέσῃς	ὄλλυμι＆ὀλλύω
συνάψεις	ἅπτω＆συνάψις＆σύναψις
συνέδρων	δράω＆σύνεδρος
συνέθλασεν	θλάσσω＆θλάω
συνέκλασεν	κλαίω＆κλάω
συνέσφιγξεν	σπίγγω＆σφίγγω
σύνετε	ἵημι＆συνετός
συνετίσαι	ἐτίζω＆συνετίζω
συνέτισόν	συνετίζω＆συνέτιζω
συνέχων	ἔχω＆συνεχής
συνῆτε	εἰμί＆ἴημι＆ἵημι
συνήχθη	ἄγω＆ἔχω
συνίων	ἔημι＆ἵημι
σύνολον	σύνολον＆σύνολος
συντάξεις	σύνταξις＆τάσσω
συντριβῇ	συντριβή＆τρίβω
συνῳκηκυῖα	οἰκέω＆οἱκέω
Συρίας	Συρεία＆Συρία
Σύρων	Σύρος＆Σύρων
συσκίου	συσκίος＆σύσκιος
σφραγῖδας	σφραγίς＆σφράγις
σχισμὰς	σχισμάς＆σχισμή＆σχίσμν
σωτήρια	σωτηρία＆σωτήριον
σωτήριον	σωτήριον＆σωτήριος
τάδε	ὁδε＆ὅδε
ταλαιπώρους	ταλαίπορος＆ταλαίπωρος
τάλαντα	τάλαντα＆τάλαντον
τάλαντον	ταλάντον＆τάλαντον
ταλάντων	ταλάντον＆τάλαντον
Τάνιν	Τάνιν＆Τάνις
τάξει	τάξις＆τάσσω
ταπείνου	ταπεινός＆ταπεινόω
ταπεινῶν	ταπεινός＆ταπεινόω
ταπεινώσει	ταπεινόω＆ταπείνωσις
ταῦτα	οὕτος＆οὗτος
Ταφνας	Ταφνας＆Ταφνάς
τάχει	τάχος＆ταχύς
ταχέως	ταχέως＆ταχύς
ταχὺ	ταχύ＆ταχύς
τείχη	τείχη＆τεῖχος
τειχήρεσιν	τειχήρεσις＆τειχήρης
τερέμινθον	τερέβινθος＆τερεμίνθος
τερέμινθος	τερέβινθος＆τερέμινθος
τέρψει	τέρπω＆τέρψις
τεσσαρεσκαιδεκάτῳ	τεσσαρεσκαιδεκάτ＆τεσσαρεσκαιδέκατ
τεταπεινωμένην	ταπεινάω＆ταπεινόω
τεταραγμένον	ταράσσω＆τεράσσω
τετράδι	τέσσαρες＆τετράς
τετράμηνον	τετράμηνον＆τετράμηνος
τετραπόδων	τετράποδος＆τετράπους
τηγάνου	τήγανον＆τηγάνος
τῆς	ἡ＆ὁ
τι	τις＆τίς
τί	τί＆τις＆τίς
τιμῶν	τιμάω＆τιμή
τίς	τις＆τίς
τὸ	ὁ＆τό
τοῖς	ὁ＆τοῖς
τοσοῦτον	τοσοῦτο＆τοσοῦτος
τοσούτῳ	τοσοῦτο＆τοσοῦτος
τοῦ	ὁ＆τοῦ
τοῦτο	οὕτος＆οὗτος＆τοῦτο
τρήσει	τετραίνω＆τιτράω
τρίβοι	τρίβος＆τρίβω
τρίβον	τρίβος＆τρίβων
τρίβων	τρίβος＆τρίβων
τρίμηνον	τριμήνος＆τρίμηνος＆τρίμηος
τρίς	τρεῖς＆τρίς
τροχιαὶ	τροχιά＆τροχιός
τροχιὰς	τροχιά＆τροχιός
τρυγῶν	τρυγάω＆τρυγών
Τυρίων	Τυριος＆Τύριος
τύχῃ	τυγχάνω＆τύχη
τῷ	ὁ＆ὅ＆τῷ
Τωβια	Τωβεία＆Τωβείας＆Τωβια
Τωβιαν	Τωβείας＆Τωβιαν＆Τωβιας
Τωβιας	Τωβείας＆Τωβιας
Τωβιν	Τωβιθ＆Τωβιν
Τωβιου	Τωβείας＆Τωβιας
ὑβριστοῦ	ὑβριστός＆ὕβριστος
ὑγιαίνουσα	ὑγιαίνω＆ὑιαίνω
ὑείων	ὑείος＆ὕειος
υἱέ	υιός＆υἱός
υἱοὶ	οἱός＆υἱός＆υἵος
ὑμεῖς	σύ＆ὑμεῖς
ὑπάνδρου	ὑπάνδρος＆ὕπανδρος
ὑπάρξει	ἄρχω＆ὕπαρξις
ὑπάρξεως	ὑπάρξις＆ὕπαρξις
ὕπαρξιν	ὕπαρξιν＆ὕπαρξις
ὑπάρχουσιν	ἄρχω＆ὑπάρχος
ὑπερηφανεύεσθαι	ἠφανεύομαι＆ὑπερηφανεύω
ὑπερηφάνῳ	ὑπερήφανος＆ὑπερήφονος
ὑπερῷα	ὑπερῶον＆ὑπερῷον
ὑπνοῖς	ὕπνος＆ὑπνόω
ὑπνῶν	ὕπνος＆ὑπνόω
ὑποκάτω	κάτω＆ὑποκάτω
ὑποκάτωθέν	ὑποκάτωθεν＆ὑποκάτωθέν
ὕσσωπον	ὕσσοπος＆ὕσσωπος
ὑσσώπου	ὕσσοπος＆ὕσσωπος
ὕστερον	ὕστερον＆ὕστερος
ὕψιστε	ὕψιστε＆ὕψιστος
ὑψοῖ	ὕψος＆ὑψόω
ὑψῶν	ὕψος＆ὑψόω
ὑψώσεις	ὑψόω＆ὕψωσις
Φερεζαίου	Φερεζαῖος＆Φερεζαίου
Φερεζαίων	Φερεζαίος＆Φερεζαῖος
Φιλίππου	Φιλίππος＆Φίλιππος
Φισων	Φεισών＆Φισων
Φοινίκης	Φοινίκη＆Φοινίκης
φυγὰς	φυγάς＆φυγή
χαλάζῃ	χάλαζα＆χαλάζη
χαλάζης	χαλάζα＆χάλαζα
Χαλδαίων	Χαλδαίος＆Χαλδαῖος
χαλκείοις	χαλκεῖον＆χαλκείος
χαλκοῦ	χαλκός＆χαλκοῦς
χαλκοῦς	χαλκός＆χαλκοῦς
χαλκῷ	χαλκός＆χαλκοῦς
Χανααν	Χανααν＆Χανάαν
χαρμοσύνης	χαρμοσύνη＆χαρμόσυνος
χείμαρροι	χειμάροος＆χειμάρρους
χειμάρρου	χειμάροος＆χείμαρρος＆χειμάρρους
χειμάρρουν	χειμάροος＆χειμάρρους
χειμάρρους	χειμάροος＆χειμάρρους
χειμάρρῳ	χειμάροος＆χειμάρρους
χείρω	χειρέω＆χείρων
Χελκια	Χελκια＆Χελκιας
Χελκιου	Χελκείας＆Χελκιας＆Χελκιος
χερουβιν	χερουβείμ＆χερουβιν
Χερουβιν	Χερουβ＆Χερουβιν
χερσωθήσεται	χερσεύω＆χερσόω
χηρεύσεως	χηρεύσις＆χήρευσις
χιλιάδας	χιλιάς＆χιλίας
χιλιάδες	χιλιάς＆χιλίας
χιλιάδων	χιλιάς＆χιλίας
χιλίαν	χίλιοι＆χίλιος
χιλιάσιν	χιλιάς＆χιλίας
χιόνα	χιόνα＆χιών
χλιδῶνα	χλιδῶν＆χλίδων
χλιδῶνας	χλιδών＆χλιδῶν＆χλίδων
χνοῦν	χνοῦν＆χνοῦς
χοιρογρύλλιον	χοιρογρύλλιον＆χοιρογρύλλιος
χορεύουσαι	χορεύουσαι＆χορεύω
χορτάσματα	χορτάσμα＆χόρτασμα
χόρτον	χόρτον＆χόρτος
χρέους	χρέος＆χρέους
χρεοφειλέτου	χρεοφειλέτης＆χρεοφειλέτου
χρίσεις	χρίνω＆χρίω
χρίσεως	χρίσις＆χρῖσις
χρῖσμα	χρίσμα＆χρῖσμα
χρυσᾶ	χρύσεος＆χρυσοῦς
χρυσοῦ	χρυσός＆χρυσοῦς
χρυσοῦν	χρύσεος＆χρυσοῦς
χρυσῷ	χρυσός＆χρυσοῦς
χρῶ	χράομαι＆χράω
χύτρᾳ	χύτρα＆χύτρᾳ
χῶσαι	χόω＆χῶσαι
ψάλατε	ψάλλω＆ψάλω
ψαλάτωσαν	ψάλλω＆ψάλω
ψαλμὸς	ψαλμός＆ψαλμὸς
ψαλτηρίῳ	ψαλτήριον＆ψαλτήρίον
ψαλῶ	ψάλλω＆ψαλῶ
ψεύδει	ψεύδομαι＆ψεῦδος＆ψεύδω
ψεύδεσιν	ψευδής＆ψεῦδος
ψευδῆ	ψευδής＆ψευδῆς
ψεύδη	ψευδής＆ψεῦδος
ψεῦδος	ψεύδος＆ψεῦδος
ψεύσεται	ψεύδομαι＆ψεύδω
ψεύσομαι	ψεύδομαι＆ψεύδω
ψεύσονταί	ψεύδομαι＆ψεύδω
ψόαν	ψόα＆ψόαν
ὦ	εἰμί＆ὦ
ὠδῖνας	ὠδίν＆ὠδίς
ὠδίνουσα	ὠδίνω＆ὠδίω
ὠλιγοψύχησαν	ὀλιγοψυχέω＆ὀλιγοψύχω
ὠλιγοψύχησεν	ὀλιγοψυχέω＆ὀλιγοψύχω
ὦμοι	ὤμοι＆ὦμος
ὡμοίωσα	ὁμοιόω＆ὁμοίοω
ὦπταί	ὁράω＆ὄψομαι
ὡραιώθης	ὡραίομαι＆ὡραιοῦμαι
ὤρυξαν	ὀρύσσω＆ὀρύττω
ὧς	ὡς＆ὥς
Ωσαιαν	Ωσαιαν＆Ὡσαίας
ὡσεὶ	ὡσεί＆ὡσεὶ
ὠσὶ	εἰμί＆οὖς
ὦσιν	εἰμί＆οὖς
ὦσίν	εἰμί＆οὖς
ᾠῶν	ὤον＆ᾠόν
