A	＊
A1	＊
A1A	＊
A1B	＊
A1C	＊
A1H	＊
A1P	＊
A1S	＊
A3	＊
A3C	＊
A3E	＊
A3G	＊
A3H	＊
A3L	＊
A3M	＊
A3N	＊
A3P	＊
A3S	＊
A3T	＊
A3U	＊
AA	＊
AS	＊
ASH	＊
C	＊
C+D	＊
C+R	＊
C+RP	＊
C+X	＊
D	＊
I	＊
M	＊
M3M	＊
N	＊
N1	＊
N1A	＊
N1M	＊
N1S	＊
N1T	＊
N2	＊
N2C	＊
N2E	＊
N2M	＊
N2N	＊
N3	＊
N3B	＊
N3D	＊
N3E	＊
N3G	＊
N3H	＊
N3I	＊
N3K	＊
N3M	＊
N3N	＊
N3P	＊
N3R	＊
N3S	＊
N3T	＊
N3U	＊
N3V	＊
N3W	＊
N3X	＊
NS	＊
P	＊
P+A	＊
P+X	＊
RA	＊
RA+	＊
RD	＊
RD+N	＊
RI	＊
RP	＊
RP+	＊
RR	＊
RX	＊
V	＊
V1	＊
V1A	＊
V1I	＊
V2	＊
V2I	＊
V3	＊
V3I	＊
V4	＊
V4I	＊
V5	＊
V5I	＊
V6	＊
V6I	＊
V7	＊
V7I	＊
V8	＊
V8I	＊
V9	＊
V9I	＊
VA	＊
VAI	＊
VB	＊
VBI	＊
VC	＊
VCI	＊
VD	＊
VDI	＊
VE	＊
VE1	＊
VEI	＊
VF	＊
VF2	＊
VF3	＊
VFI	＊
VFX	＊
VH	＊
VHI	＊
VI	＊
VK	＊
VKI	＊
VM	＊
VMI	＊
VO	＊
VOI	＊
VP	＊
VPI	＊
VQ	＊
VQI	＊
VS	＊
VSI	＊
VT	＊
VTI	＊
VV	＊
VVI	＊
VX	＊
VXI	＊
VY	＊
VYI	＊
VZ	＊
VZI	＊
X	＊
